Date,0050,0056,00635U,00646,00679B,00720B,1216,2412
2019-01-03,-0.009453179486117125,-0.010071776762752838,0.0015657620041753528,-0.003461704889658135,0.013008456836640647,0.0087697919930676,-0.011713772388738941,0.0
2019-01-04,-0.01567793656326244,-0.008057199134568482,0.004168837936425085,-0.005644811115935844,0.008219295838444163,-0.0015799484599337,0.005926305589146752,0.004672405019599424
2019-01-07,0.02423495584308899,0.014103225604703118,-0.004151530877010812,0.02925764192139746,-0.012992506845496687,-0.004751186836485455,0.036819205935974875,0.0046519382655076935
2019-01-08,-0.0040519142874922975,0.0025285619574770823,-0.005732152162584825,0.012303775986423293,-0.0002558284022685653,0.005835156819839593,-0.0028410890585437443,-0.009259538644901366
2019-01-09,0.01832862389524914,0.010926902788244153,-0.0010482180293500676,0.007124895222129224,-0.004649292470073618,0.0018455210623449236,0.02706532138986284,0.004672405019599424
2019-01-10,-0.002665721278728106,-0.0016582108057534573,0.011542497376705319,-0.0033291718684977933,0.0012988010296921537,0.009474861362174014,-0.022190940682953908,-0.004650675181536723
2019-01-11,0.009358380159413704,0.00124953332977773,-0.0010373443983402453,0.001670146137787043,-0.00802945020940593,-0.010167459576760574,0.008511176670174647,0.0
2019-01-14,-0.0066235481358571935,-0.002085029639381175,-0.0015576323987539498,-0.005835764902042406,0.004178319797773389,0.007374303388960168,0.0028131159631024083,-0.004673674005210571
2019-01-15,0.008665298581236325,0.005841130403617667,-0.0010400416016640435,0.008805031446540657,-0.004940900007029736,-0.005752767948864368,0.011219002742675732,0.004695619801414752
2019-01-16,-0.0013247897910076967,0.004973276221523104,-0.001561686621551317,0.008728179551122262,-0.0005214378227447192,-0.0023649346772897095,0.012483458480316845,0.0
2019-01-17,0.0,0.00040735963066063086,0.0015641293013557434,0.0008240626287596697,0.00182766745203633,0.004480245492903823,-0.0013699492378268507,0.0
2019-01-18,0.005299420650820341,0.005361384458771656,-0.0005205622071838834,0.009880609304240506,-0.002348450996663698,0.0013098202147645566,-0.010974628586682855,0.0
2019-01-21,0.007237351465984476,0.00492027061488387,-0.008333333333333304,0.0077456176110883845,-0.003138638935287541,0.002360694250050477,0.009709356595802188,-0.004673674005210571
2019-01-22,-0.002018581645611972,-0.0004105029033750762,-0.0031512605042015585,-0.003640776699029069,0.0018377633339188293,0.0026290758284821525,0.0013737130721793722,0.00938996465854447
2019-01-23,-0.004728480724408568,-0.0024490954027194256,0.005795574288725014,-0.004872107186357999,0.0041914511930294385,0.005775630784643271,-0.005487314293341483,-0.004650675181536723
2019-01-24,0.004750945478526392,0.004506021751659928,-0.002095337873232017,0.0,-0.001564813850953195,0.00313534030327145,-0.001379397762393153,0.0
2019-01-25,0.01282583652583913,0.01425473729703941,0.0005249343832018916,0.00407996736026095,0.003134532662032008,0.0012976071372154951,0.012431728159544075,0.0
2019-01-28,0.0020036634638911366,0.0044154164891194725,0.015215110178384172,-0.00040633888663133,-0.005210131929659911,-0.00467660084366639,-0.010914735999822955,-0.004673674005210571
2019-01-29,-0.008651980518194935,-0.004798303039169061,0.0,-0.005691056910569148,0.0005257641273832547,0.0,0.0,0.004695619801414752
2019-01-30,-0.0020104516859167365,0.0012053594396548295,0.008268733850129273,0.0016353229762877675,0.003398828431587342,0.0028719798923668716,-0.008276386574358918,0.0
2019-02-11,0.010759573886187201,0.002811566328740467,-0.0015376729882112805,0.023265306122449037,0.013821187339698282,0.02134833574801953,0.00834545680098353,-0.004673674005210571
2019-02-12,0.006652323693623563,0.010804796275419637,-0.002566735112936369,0.00917431192660545,-0.0030861642488402286,-0.0028038967163827033,0.019309704622473722,0.004695619801414752
2019-02-13,-0.0019864423669475606,0.006329572283136242,0.0036026762738035067,0.009090909090909038,-0.0025808723149128854,-0.0015333626458079452,-0.016237370273853524,-0.009346079024809995
2019-02-14,-0.003310757992787239,0.00039580874521427667,-0.004102564102564044,0.0039169604386994905,0.0,0.0,0.004126808267000737,0.0
2019-02-15,-0.002656086260190982,-0.0015754148952240588,0.002574665293511691,-0.007413187670698318,0.005691278922620002,0.001025045146392678,-0.004109847713480552,0.004716485667366044
2019-02-18,0.007996087864449608,0.005122773646895951,0.008731381612737676,0.013757861635220081,-0.00025828413241368864,0.0015341448898189558,0.009629219289668534,0.0
2019-02-19,-0.0019864423669475606,0.0,-0.0015274949083503575,0.0015509887553315505,0.000516701720682855,0.0010224269536844854,0.0027231250207133684,-0.0046943448571297175
2019-02-20,0.011259204761185249,0.008623470463000826,0.015298317185109767,-0.0030971738288810835,0.0017975906326657132,-0.000512534983278079,-0.0027157297490841836,0.004716485667366044
2019-02-21,0.009821689564454728,0.0038804315381006926,-0.001004520341536863,0.006990291262136017,-0.005389704375871607,-0.005360397252289206,0.010898023663017398,0.0
2019-02-22,-0.001942659384910339,0.002322091014640426,-0.014077425842131785,-0.005013497878904705,-0.005159759853546442,-0.004102236943128723,0.010782358458778507,0.004695619801414752
2019-02-25,0.007147691018658753,0.008885435796016417,0.004589495155532974,0.006201550387596955,0.004151220652573118,0.004893800069272869,-0.008000504536322062,0.0
2019-02-26,0.0025789689243844727,0.0019112561083185486,-0.0010152284263958977,-0.0038520801232666546,-0.0015498564886105015,0.0025647012604839148,0.001344171472685174,-0.004673674005210571
2019-02-27,-0.0006446794794054966,-0.008406062427067096,-0.00101626016260159,0.0007733952049497894,0.0010326208249640256,-0.0012790701972946739,0.00671183550560972,0.004695619801414752
2019-03-04,-0.009012173779747834,0.006165966682639468,-0.021363173957273718,0.007727975270479082,-0.017832601816203497,-0.007939651247580226,-0.03333363365257269,0.0
2019-03-05,-0.0025974025974025983,-0.004594384485547942,-0.005717255717255676,-0.005368098159509116,0.006623571104289905,0.006712235745360395,0.001379397762393042,0.0
2019-03-06,0.0026041666666667407,0.0030747148676886216,-0.002090956612650241,-0.00038550501156520145,0.0036821007495464464,0.0025647012604839148,0.009642483516565381,0.004672405019599424
2019-03-07,-0.0038993264799715988,-0.003829858870401992,0.0005238344683080598,-0.0038565368299268155,0.002099212962807684,-0.0005101493850482308,-0.002728683999955628,-0.004650675181536723
2019-03-08,-0.008482691685538613,-0.0053936824909519565,0.0010471204188482464,-0.007355787843592587,0.008894599993976682,0.004090675405276523,-0.019153050622474188,0.004672405019599424
2019-03-11,0.0019773034279786383,0.001939795542718059,0.006276150627614996,-0.00117004680187216,0.0007794594200158933,-0.0012708258894861268,0.011158316149777692,-0.004650675181536723
2019-03-12,0.014445558869885744,0.004635190707007908,-0.0015592515592514067,0.017571261226083434,-0.0028502681240595296,-0.0002581768289983133,0.0,0.009346079024809884
2019-03-13,-0.0019453004622496106,-0.0011534512104204309,0.005726184279021274,0.00038372985418266836,0.006494585629482907,0.006891412296817556,-0.008276386574358918,0.0
2019-03-14,-0.0006432646969901645,-0.0026968412454758672,-0.0020703933747411307,0.005753739930955071,-0.0025823921801729766,-0.0032938848789066943,0.005563637867322502,-0.004630397940145414
2019-03-15,0.007138397368641192,0.0,-0.0036307053941908585,0.002669717772692648,-0.0023275217025672257,-0.0030511228499692233,0.0138321376634154,0.0046519382655076935
2019-03-18,0.006442294172535945,0.008493663289441011,0.0005205622071835503,0.0,0.0012975591949158094,0.00459069103727483,0.004091182294528428,0.0
2019-03-19,0.0038419040603527854,0.0034444615578488325,0.00572320499479706,0.0019018638265499987,0.0,-0.0015232376324115782,-0.0013569467779399602,0.0
2019-03-20,0.0012715161406637865,-0.0007674597083653367,-0.0020693222969476732,-0.0007593014426727773,-0.0012958777168688984,0.0010182663005318116,0.001358790584445435,0.0
2019-03-21,0.008282789992418493,0.006486524228459745,0.010886469673405896,-0.00037993920972645423,0.008044203295335839,0.00609603830956118,-0.0013569467779399602,0.0
2019-03-22,0.0025252050554229744,0.0,-0.007179487179487243,0.010642341315089343,0.0018007696891284564,0.0027776966653039192,0.005440678402400589,0.004629140704755841
2019-03-25,-0.01512556720877023,-0.010232467793741096,0.005165289256198413,-0.02068446784505451,0.015931332277378862,0.014858278521743262,0.004059799753120208,-0.009216872445493296
2019-03-26,0.006403340652645806,0.005747368125937458,0.002569373072970338,0.005376344086021501,-0.0007601389598711483,-0.0012409840357805457,0.00808676884408377,0.009302613447044417
2019-03-27,-0.0019106713834395883,0.001135935997323978,-0.004100461301896563,0.005729564553093924,0.0048103224469846495,0.003228412906469469,-0.0013369829354001883,0.0
2019-03-28,0.0,-0.0015175034979152402,-0.0015440041173443442,-0.0064565134827192505,0.010325220276735214,0.008422702996807141,-0.0013387728518576836,0.004607810501603193
2019-03-29,0.008282789992418493,0.0060931824678087665,-0.017010309278350455,0.006116207951070374,-0.0032396926118427594,-0.007124170710322786,0.002681135134645629,0.0045879216702378045
2019-04-01,0.008841350702734063,0.004171488362101794,0.002621919244887305,0.00911854103343468,-0.002501647504430604,0.0022273068535267893,0.0026739658708003766,0.009132697537209689
2019-04-02,0.0037577172954372795,0.002636028016423486,-0.004707112970711247,0.006024096385542244,-0.004765692147832734,-0.0032069003649231043,0.0013334174227204176,-0.009050046202544015
2019-04-03,0.0,0.0056436127380470325,0.004729374671571085,0.002245508982035904,-0.006045255634397395,0.0007407831545194199,-0.0013316417883589837,-0.0091326975372098
2019-04-08,0.00935603036997179,0.007487150707994106,0.0020920502092049986,0.005601194921583286,0.00025287728967415823,0.00470245779410039,-0.012000756804483093,0.0
2019-04-09,0.006179537638165922,0.00334214155192214,0.0020876826722338038,-0.0003713330857778585,-0.0027874293419073437,-0.00024914933299169384,-0.002699227619664346,0.009216872445493518
2019-04-10,0.0012307542330023402,-0.001855074033702775,0.0015625000000001332,-0.0007429420505201678,0.0033022608786095198,0.004190312083905967,-0.005411237598866081,0.0
2019-04-11,-0.004296259333410379,-0.00296413867013956,0.0026001040041601087,-0.00037174721189581206,0.002027963872439198,0.005885210041728373,-0.014966921999168936,-0.004566968775226554
2019-04-12,-0.0006111610225947306,-0.00483699793186021,-0.008817427385892196,0.0014875418371140814,-0.0035401377259061118,0.000733109406005239,0.015194334417220734,0.0045879216702378045
2019-04-15,0.009246405704396388,0.008599886519780497,-0.00366300366300365,0.0074266617155587245,-0.008876920331586824,0.0009720671571613604,0.001358790584445435,0.0
2019-04-16,0.003053897658072513,0.009631351710395197,-0.002626050420168058,0.0,0.0010213468028898998,0.0026776258149869836,0.0,0.004565728761983134
2019-04-17,0.007919583904699268,0.006975026852846344,-0.005792522380200116,-0.0003685956505712351,-0.005366410391411169,-0.0024283428314757494,-0.010868427575949635,-0.004544977626909419
2019-04-18,-0.0006053341324541162,-0.010933406222708109,-0.004237288135593098,-0.004424778761061954,0.0030840046029920742,-0.0002427218618525906,-0.023351265858032266,0.004565728761983134
2019-04-19,0.0012054045301621574,0.007737986910130168,0.005319148936170137,0.004444444444444473,0.0038447923222151292,0.0007318609323485603,0.007030889153727404,-0.004544977626909419
2019-04-22,-0.0012039532794249075,0.002193877209762718,0.0005291005291006012,-0.001474926253687392,-0.0022986929449064775,0.0,0.001396737673790005,0.004565728761983134
2019-04-23,0.004227911411762486,-0.0018286782127006074,-0.0031729243786355887,0.002584933530280553,-0.0020487175878806108,-0.0029428827593481754,0.004184368556166662,0.00454621200432026
2019-04-24,0.001809452148052726,0.007675797834997056,-0.004244031830238804,0.009576427255985287,0.0023087190216803943,0.0012307019585440226,0.0,0.0
2019-04-25,0.00240228425639466,0.0028996277594568465,0.004262120404901593,-0.0007296607077709183,0.006141312349698058,0.007854131519721586,-0.008331988152397107,0.0
2019-04-26,-0.011387963843958016,-0.004697444854643851,0.0042440318302385815,-0.0010952902519167917,-0.0007641978199225408,-0.0002446209598228055,0.00840199346238224,0.0
2019-04-29,0.004240729044482583,-0.006175383551809466,0.0021130480718436484,0.004751461988304007,0.002798777650133255,0.0038974158210614007,0.011111820198736355,0.0045244087057390026
2019-04-30,0.0,0.0,-0.0005271481286240887,-0.0007275372862859397,-0.0017751844147246842,-0.0026671123460142443,0.008242278433076011,0.0
2019-05-02,0.002419886193470999,0.0018260014581257256,-0.007383966244725815,-0.004732435384055322,0.005338274976429691,0.0026742448574899047,0.00408560812776404,0.0
2019-05-03,0.009034740729232826,0.005841901455468035,-0.002125398512221044,-0.001828822238478467,-0.0032887928804263833,-0.006065417371745263,0.0013569391852863433,0.0
2019-05-06,-0.017315504601281506,-0.017417277886562,0.009052183173588801,-0.009160864785635714,0.008117710040069337,0.00805717088208513,-0.00948387155845698,-0.0045040306303441024
2019-05-07,0.01032891010111947,0.006647256317933392,-0.0005277044854880009,0.006286982248520756,-0.0007530968694985374,-0.0009695579649707797,0.01231082665010197,0.0
2019-05-08,-0.007217158944505364,-0.0022011206925477422,0.0036958817317847004,-0.006982726938625561,0.004029206107902805,-0.00024349435267034814,0.032432679225297356,0.009048817411478005
2019-05-09,-0.012112036336108911,-0.016914726909548206,-0.004208311415044852,-0.0048112509252404845,-0.001004061154702418,-0.0043630897912745326,0.0013089838747337712,-0.013452723668123001
2019-05-10,-0.0006142431429788653,-0.0071080644719919706,0.004226096143687297,-0.002603198214949809,0.004017070139778589,0.0009749892541506266,0.01045818140704946,0.0
2019-05-13,-0.016564331310967684,-0.017322042540290572,-0.0015781167806417917,-0.00037285607755410677,0.0017494371098147887,-0.0012184222653577326,0.005174969929228723,0.0
2019-05-14,-0.006237353579981009,-0.0007642740448328134,0.01001053740779767,-0.00745990302126065,0.0044952573119767525,0.001705774816751493,0.0064336700617799725,0.013636167258139098
2019-05-15,0.0012577911444033862,0.004217247912427169,-0.002608242044861764,0.004133784291619591,0.0012427414049016594,0.003161476053389345,-0.00639254255214361,-0.008967670597633703
2019-05-16,-0.008781039918906108,-0.009929355535213902,0.0010460251046024993,0.0018712574850299202,0.006450425055076092,0.004849016108890547,-0.0115837368508932,0.0
2019-05-17,-0.010119895350369279,-0.008490366292610685,-0.00470219435736674,0.014568546880836752,0.0029616779687746675,0.0033786239723063716,0.02604155668644559,0.0045244087057390026
2019-05-20,-0.0006401480580062735,0.0,-0.009448818897637823,0.002577319587628857,0.0022107682970164966,0.0014421202617898032,0.015227677706261211,0.0045040306303441024
2019-05-21,0.002562232440145973,0.0023347355983116547,-0.0015898251192369983,-0.0044069041498348005,0.0,0.0002377105374669064,0.01750112338291987,0.008968888369306427
2019-05-22,0.0,0.0011646486524872213,-0.0010615711252653925,0.007377351530800436,0.0029652454407389506,0.0009609489629327506,-0.023341335697517174,-0.0044439777583862305
2019-05-23,-0.018497080573637303,-0.013569396860525385,0.0,-0.00659099231050897,0.0056626735953597684,0.002880079279601766,0.006288003835019262,0.0
2019-05-24,0.0051948051948051965,0.0,0.005313496280552776,-0.005160339107998513,0.008567508796162304,-0.00048035024394932346,0.0,0.0
2019-05-27,-0.0025839793281653423,0.0003883048336761341,0.004228329809724984,-0.00444609114486838,-0.0009716194582990445,0.0,0.011250722174734218,0.0
2019-05-28,-0.0006492755113848281,0.0019695227142033644,-0.0036842105263158453,0.004465947152958671,0.0031585187380747115,0.0014348778294213105,0.006180862046500035,-0.004465027186596471
2019-05-29,-0.00453501611378071,-0.004318693774480797,-0.0005282620179608566,-0.011485735457576807,0.011381648400013544,0.004538411967147882,-0.0049143149345366455,0.004485053070489631
2019-05-30,0.00846515715467322,0.007486022249120872,-0.0026427061310783095,-0.0014992503748125774,0.0009585918741841226,-0.002613834898449463,-0.011111815563882854,0.004463814852307291
2019-05-31,0.013565121554254045,0.014074132345474055,0.010068892421833509,-0.0048798798798798115,0.013398313277920071,0.015258818296896903,0.014982233905065145,0.0
2019-06-03,0.0012770342460124429,-0.003857573043533513,0.013116474291710478,-0.014711429649189034,0.00448505830575785,-0.003288963774220721,-0.00492035998417506,0.0044451847050885895
2019-06-04,-0.006364399770174556,-0.0030937615042618827,0.008285862247540132,0.003062787136294043,0.0025834468257950327,0.0016499083759897726,0.0,0.0
2019-06-05,0.0032025823997763325,0.0019387139154209976,0.0005136106831022946,0.01870229007633606,-0.009610085525590728,-0.007290843915183198,0.007417034455799998,0.004424310879334703
2019-06-06,-0.0076641942778238326,-0.004649580403719655,0.004106776180698102,0.005994754589734086,-0.004024507990362913,0.0,-0.003681213540232875,0.0
2019-06-10,0.01737443111823156,0.011678249971516452,-0.0030674846625766694,0.02122905027932953,0.006417516043790261,0.01113559241351636,0.009852839848079942,0.004404822574895162
2019-06-11,0.0044294148278738454,0.0019285995833098202,-0.0005128205128206442,0.004741064916119475,-0.007084771192798267,-0.002343826186961384,-0.017074239982068806,-0.004385505202576523
2019-06-12,0.003779006215059777,0.002304244587132853,0.0035915854284247484,-0.0021778584392014855,0.005708863093061289,0.0068154240258864185,-0.0037223215213899596,-0.004404822574895162
2019-06-13,-0.00815805849408835,-0.003448420875562519,0.002044989775051187,-0.002910149145143648,0.0030741214863962973,0.0016303874764815873,0.01868114483441108,0.0
2019-06-14,-0.0018947355212719508,-0.0007736562996721874,0.00867346938775504,0.006202116016052361,0.004478716360945656,0.001631076008810517,-0.014670847637960449,-0.0044255124846793725
2019-06-17,-0.002539490970349556,0.002308688552283389,-0.004552352048558417,0.005076142131979822,-0.00211156709295679,-0.0011612502794675628,-0.00868374016183715,-0.0044439777583862305
2019-06-18,0.002545956403647631,0.0003862359550561578,0.00101626016260159,-0.004329004329004182,0.0035267254055735275,0.004423226616866449,0.006256522496587591,0.0
2019-06-19,0.02344629039456403,0.01573128356323039,0.002538071065989911,0.010144927536231751,-0.0009381477686974948,0.004170921294648577,0.009950884317608155,0.013392656891211052
2019-06-20,0.0012406566881835168,0.005286946425609562,0.022784810126582178,-0.0032281205164992333,0.0016425549928009708,0.0025405174441135436,0.007389629886059845,-0.00881084146227662
2019-06-21,0.0,-0.003382349908222726,0.01980198019801982,-0.0032385750269880997,-0.0030446066118260395,0.004143071423379663,0.006111201060001736,0.008889162463474598
2019-06-24,0.004324649274010994,0.00302133559588591,-0.0014563106796117165,0.005054151624548808,-0.011039432087192935,-0.0009146903213920199,-0.001215144643264665,0.004404822574895162
2019-06-25,-0.005539810901272757,-0.004889723328312945,0.019931939718035974,-0.004669540229884972,0.010211812860907443,0.013311378231516624,-0.002431601947254447,0.0
2019-06-26,-0.004956484887941648,-0.0015135179963510215,-0.01715919923736886,-0.005774088776614894,-0.00046912444048696766,-0.008606008606008686,-0.007317531420886647,0.0
2019-06-27,0.014313931238812305,0.006810772648933705,0.0009699321047527132,0.0029038112522685733,-0.006821939021072532,-0.005484454701616848,0.007371472401805024,-0.004385505202576523
2019-06-28,-0.007363277327799622,-0.0007493417479599307,0.009689922480620172,0.0021715526601520097,0.003789577608080963,0.007119994989633227,0.008535471898371894,-0.004404822574895162
2019-07-01,0.021634512227269642,0.013539545379492424,-0.024472168905950165,0.009028530155290815,-0.006135190082941944,-0.002281274240584441,-0.014509568732933409,0.0
2019-07-02,-0.0024182708463347247,0.00037333695357055774,0.002951303492375823,-0.0014316392269149159,0.003560222061308238,0.009375594585905755,-0.002454142360155287,0.004424310879334703
2019-07-03,-0.011525158651388034,-0.006676844783715108,0.02452182442373707,0.00465949820788536,0.01159280861042622,0.01087126087126089,0.0036902699881313783,0.0
2019-07-04,0.006134035988778486,0.00560143724682538,-0.004308281474389664,0.011773100249732327,0.0042112959022337915,0.0031378903474506004,-0.0012255673217379526,-0.004404822574895162
2019-07-05,-0.0012156988453885242,0.002228094367948019,-0.0019230769230769162,0.0014104372355430161,0.0023291396980702483,0.0011153381429620524,0.006135355900388495,0.004424310879334703
2019-07-08,-0.0036636469334367927,-0.0011115705000033227,-0.008670520231214063,-0.007394366197183033,-0.00790126372977451,-0.007139175505264661,-0.002439177140295623,0.004404822574895162
2019-07-09,-0.0012277321598969104,-0.003338422391857554,-0.0038872691933915515,-0.003547357218872005,0.0009374888394186875,-0.00157352860565374,0.013446624878982183,-0.004385505202576523
2019-07-10,0.00859251866682098,0.002975157097826031,0.0,0.0024919900320399258,-0.008890368965178919,-0.011926638096130149,-0.01085551358691661,0.0
2019-07-11,0.007903898250885444,0.0059394515340756016,0.017073170731707332,0.006036931818181657,-0.001890024570319504,-0.001823827422781421,0.012194237608815328,0.0
2019-07-12,-0.0012032253623146527,0.0018421674145552291,-0.009592326139088891,-0.0010589481115425015,-0.015374257211473341,-0.010497982920312343,-0.012047329609011337,-0.004404822574895162
2019-07-15,0.005436020377584727,0.0018387800738206561,0.0029055690072641305,0.0035335689045936647,-0.001199692292664034,0.0009232724216212684,0.004876706187928681,-0.0044255124846793725
2019-07-16,0.0018002229415166049,0.0018421282632226088,0.0014485755673585565,-0.0014084507042253502,0.0074543615197240065,0.006450333096391425,-0.0024273397176740596,-0.00888916246347482
2019-07-17,-0.0065988730148340835,-0.0044022413850954845,-0.005785920925747257,-0.0014104372355430161,0.000955616903801193,0.0013731209923262266,0.0,0.004485053070489631
2019-07-18,-0.0012039532794249075,-0.0029522981416699734,0.010669253152279179,-0.008121468926553632,0.00977738714028109,0.006403485175538126,-0.012164586076900408,0.0
2019-07-19,0.012191977163281242,0.0,0.015355086372360827,0.005695977216091164,-0.0028333798559898593,-0.0022947592132626093,0.007389629886059845,0.0
2019-07-22,0.004816864357573669,0.0018523401004590934,-0.00992438563327036,-0.0077876106194689765,0.0007103576771303466,0.0016106794911168176,-0.002445141272993334,0.004463814852307291
2019-07-23,0.0023998349007932074,0.0047909848510407915,-0.007637231503579978,0.003210845522654271,-0.0007098534272985679,0.0016080893745413771,-0.008578971252165446,-0.0044439777583862305
2019-07-24,-0.0005999929412595639,0.0014707363755415148,0.0009620009620008307,0.004978662873399653,-0.004972503739912981,-0.0011463258952414401,0.004944689637200073,0.0
2019-07-25,0.0029958799293703375,0.0069673560258576295,0.001922152811148603,0.006723283793347301,0.0049973530968767665,0.006885848798236838,0.013529327672702873,-0.004836001479047836
2019-07-26,-0.006566554583384843,-0.002550561722927669,-0.005275779376498924,-0.002460456942003475,-0.0033170091533802903,-0.0015963578432006686,-0.013348728352803985,0.004673113516700633
2019-07-29,0.0024041585445095937,-0.0010949392442247685,0.0033751205400192053,0.003875968992248069,0.0019026047565120496,0.0047967308284819765,-0.012300899960437706,0.0
2019-07-30,-0.002993570894005093,-0.0029208106084911423,0.0024026910139356428,0.0014040014040015425,0.00023812753387297825,-0.0027274429173633763,-0.0037362289668821935,0.0
2019-07-31,-0.004811187488548474,-0.0032980513343030537,0.0023969319271333056,-0.002453557658604999,0.0021335969189413273,0.0004563564629462835,0.010000641933097132,0.004651377103487064
2019-08-01,-0.00604008908685949,-0.00367886903360759,-0.012434241989478845,-0.010892480674631111,0.007571975870717118,0.005467309372068074,-0.015324094052003634,-0.009259683925179063
2019-08-02,-0.016401964650629153,-0.009227757526663938,0.016464891041162222,-0.007104795737122527,0.025834178953023423,0.01744208494208488,-0.003891493409430624,0.0
2019-08-05,-0.00988378803618184,-0.009306888869206276,0.01476893758932829,-0.005008944543828275,0.030676488729067142,0.018038017715458654,0.0026038957827803078,0.004673113516700633
2019-08-06,-0.0006196851263299274,-0.0030122346241927556,0.004225352112676051,-0.020136641495864804,-0.0013323547676848957,-0.006125650384406378,-0.005194266237609546,-0.00930275420697424
2019-08-07,-0.004997390797188084,-0.003393829025515882,0.01589527816736802,0.003302752293578015,0.01601524076565619,0.008363728422612127,0.001304492034563065,0.0
2019-08-08,0.011920701420982116,0.00492119852986983,0.008283479061205634,0.008778346744696464,-0.012040483622382858,-0.019204721212290332,0.019557255427590903,0.00939010807436702
2019-08-12,-0.0006219398425638678,0.012804088492161858,-0.0022820629849383822,0.006889050036258171,0.0075325377471657795,0.009790382166208866,0.0012794769551798257,0.0
2019-08-13,-0.011165276599898744,-0.0052092188211932955,0.014638609332113361,-0.0068419157364062455,0.021112294264130194,0.013000303569919547,-0.003831853389375528,-0.004651377103487064
2019-08-14,0.007527565079502141,0.006357626759456059,-0.01172227231740297,0.007251631617114063,-0.006675698977706479,-0.0056567341705668905,-0.0038465929696838153,0.0
2019-08-15,-0.011206986300530963,-0.004089368321660736,0.012773722627737127,-0.018358531317494653,0.031222100982045475,0.01903347480534645,-0.015444100043654041,-0.004673113516700633
2019-08-16,0.011965737856200587,0.0048496340606647426,-0.00045045045045033483,0.001833516685001868,-0.002311307772674187,-0.0008567595585097232,0.013072253474350148,0.014085162111550309
2019-08-19,0.005599995103829469,0.0029663317947326018,-0.006759801712483249,0.011346998535871178,-0.012014505251993879,-0.010314343345570243,-0.006451787337733661,-0.0046298419625895315
2019-08-20,0.0024770552864130657,0.0014821632816042207,-0.009528130671506374,0.009771986970684043,-0.0019192401110339485,0.0069468640443515195,0.010390233282762562,-0.004651377103487064
2019-08-21,0.0012324317760983305,-0.0007366059360977006,0.005497022446175004,-0.006451612903225823,0.0012901017958217853,0.0034510000857390644,-0.010283386498110447,0.004673113516700633
2019-08-22,-0.0024678931347700273,-0.0011091048036410145,-0.0027334851936218207,0.0043290043290042934,0.0021483034641394116,0.0034360800612758258,-0.014285082557198181,-0.004651377103487064
2019-08-23,0.0012400386600286417,0.0,-0.001827318410232981,0.0035919540229885083,-0.01221529008945621,-0.004281912871588189,0.007904313121918971,0.004673113516700633
2019-08-26,-0.016665148893543424,-0.00518608288254141,0.030205949656750608,-0.031138153185397366,0.03535904335483453,0.02193533017528093,-0.009150235047197808,-0.004651377103487064
2019-08-27,0.002506637031549186,0.0029808693521713447,-0.011106175033318566,0.015145917990395219,-0.014664704668039263,-0.00968024411310242,-0.010554723363966012,0.004673113516700633
2019-08-28,0.006891412524018259,0.0003664122137403414,0.005840071877807773,-0.0003639010189229186,0.01169471266837685,0.009349348140994529,0.002668138100593076,0.004651377103487064
2019-08-29,0.001865500474020676,0.001112399867054581,0.005359535506922697,0.0029122679286495146,0.005883305589405863,-0.0006308714397621484,0.0132964828321247,0.0046298419625894205
2019-08-30,0.016135531135531345,0.009261956867873122,-0.010217681030653014,0.00907441016333932,-0.010863741339491861,-0.0040030277010714155,0.005250521185122592,0.004607303928282347
2019-09-02,0.0006128224076709099,0.006975026852846344,-0.0008976660682226134,-0.0003597122302159139,0.0006324064265301743,-0.0008470783307149565,0.001304492034563065,0.009174739807870758
2019-09-03,-0.008550241676423709,-0.0014600097333982154,-0.0008984725965859308,-0.0028787333573226936,-0.002744029269645454,-0.0012686883506149993,-0.011733670272254582,-0.004545664613849643
2019-09-04,0.011700510534698783,0.0051074909867807605,0.009892086330935301,0.004330566582461115,0.004021745234205065,-0.0014840234192743385,0.010554723363966012,0.004566422036914597
2019-09-05,0.010350008679880007,0.006170912351788349,-0.00044523597506684887,0.010061085159899452,-0.008645141702022352,-0.008278265483310787,0.011748976751660978,0.0
2019-09-06,0.00602552404877299,0.004330776238826495,-0.012917594654788367,0.005691924581999297,-0.010845590704546826,-0.005565924746022244,-0.005160753936468976,0.0
2019-09-09,0.003592482876813241,-0.002156050746072391,-0.005415162454873723,0.0010611956137247525,0.003441176790118128,0.0038760756262703477,0.009079018888435986,0.004545664613849532
2019-09-10,-0.00477674301239972,-0.0010803546725338675,-0.013157894736842035,-0.0031802120141343204,-0.014142453072769401,-0.010721582933164386,-0.010283386498110447,0.0045250950494091224
2019-09-11,0.0006014328252601508,0.002525752120180913,0.0004597701149426925,0.002481389578163684,-0.016736677374186604,-0.01452219575107272,-0.0025971331188048286,0.0
2019-09-12,0.005391963322863624,0.003953401174837667,0.0027573529411764053,0.0024752475247524774,-0.011713492715017315,-0.0063779812845915496,0.009114487857865061,0.0
2019-09-16,0.005960893723770955,0.0007207348874997965,0.0036663611365719273,-0.009523809523809601,-0.0031333082819355873,-0.011064937351079163,0.006451787337733661,0.004503536479819825
2019-09-17,-0.0017770889534984846,0.0021475525757534975,-0.0031963470319634757,0.002136752136752129,-0.009420967604795494,0.004252992670103817,-0.014103614554930144,0.0
2019-09-18,0.008305899932292027,0.0017836142689142687,0.002748511223087613,0.002132196162046851,0.004981316486698306,0.004678103437361525,0.0013011076445184067,0.0
2019-09-19,-0.0058872223540785695,-0.0028500061956655554,-0.00593878483325716,0.0007092198581559739,0.006536710633827658,0.00421526189441046,-0.005194266237609546,0.004484514629618408
2019-09-20,0.0029639550457114527,0.00035318124738381584,0.006893382352941124,0.0017717930545713134,0.002240180119532864,0.0030932751069783215,0.018276565988832205,0.004464493543010928
2019-09-23,-0.0023629956049443512,0.005008172605426742,0.00593336376083986,-0.0010611956137248635,0.007594508022069402,0.011671910477822678,-0.012820857231124583,-0.0044446504298658596
2019-09-24,0.0017749895246519376,0.007468318197194845,0.0031760435571688284,0.0,0.0011091629181068097,-0.0019599720533953757,-0.006493683200783695,-0.004464493543010928
2019-09-25,-0.006494826794936515,-0.004591125116230943,0.005427408412483015,-0.00885269121813026,0.010186837967444573,0.007635361169619825,-0.005228216620045245,-0.00896786019911433
2019-09-26,0.0023740052274892065,-0.0017709678047135302,-0.010346378767431386,0.0007145409074671427,-0.008112157712088952,-0.009526444413704205,-0.003942631357944815,-0.0045250950494092335
2019-09-27,0.003558407466822233,-0.00959188978424752,-0.0031818181818181746,0.001428061406640424,0.001770287099242207,0.0017504329528315044,-0.013192972271606651,0.009091329227699285
2019-10-01,0.015961868224489306,0.010760872418046796,-0.028271773825809476,0.002852049910873289,-0.000883579360478115,-0.00043684357282269826,-0.021389915557368577,0.00900824728466687
2019-10-02,-0.0034900818738878847,-0.00035704084547283355,0.007038948850305093,-0.010664770707429772,0.003755046017447361,0.0030561418843315646,0.002731956918452738,0.0
2019-10-03,-0.00992702573907267,-0.00177285390514903,0.013513513513513375,-0.016528925619834656,0.010339163472736113,-0.0006550994236979024,-0.002724513664497663,-0.004464493543010928
2019-10-04,0.004128924507950549,0.0007090998985141983,0.007356321839080415,0.004018998903909443,0.00305075140915001,0.0032683679495861817,0.005463913836905476,0.004484514629618408
2019-10-07,0.0035228755905147846,0.009952868519421454,-0.0018256503879506836,0.004366812227074357,0.002605409378376722,0.0017351907785243537,-0.001357665740203573,0.004464493543010928
2019-10-08,0.012286779770263045,0.0007016143567033506,-0.010973936899862924,0.0018115942028984477,-0.011909972208241304,-0.008448632865981742,-0.006802902904508135,0.0
2019-10-09,-0.008089869754802415,-0.005628276460939774,0.010171058714748105,-0.01446654611211573,0.00547862533289778,0.0004375118298853842,-0.013698998767520787,-0.008889300859731719
2019-10-14,0.02039248951145134,0.008486965521702583,-0.013272311212814802,0.017247706422018227,-0.030514783824934444,-0.022712751769442097,-0.005554979564441509,0.004484514629618408
2019-10-15,0.0017131559140388664,-0.002450257212864515,0.004174397031539989,-0.0021645021645021467,0.003598225594829252,0.004915977721004827,0.01117201946872548,0.0
2019-10-16,0.004564340946175527,0.002109053497942437,-0.0055427251732100835,0.005061460592914013,-0.008738344864666181,0.0,0.0,0.004464493543010928
2019-10-17,0.0005637639336211198,0.006660335711719201,0.0013934045517880467,-0.0014388489208633226,0.00045390054724991913,0.0017780220057856955,-0.0013801686229606425,0.0
2019-10-18,-0.0022649424838497856,0.0041813801103987025,0.0032467532467532756,0.002161383285302465,-0.0029390280092223,0.0006651807810043042,0.009681778331654733,0.0
2019-10-21,-0.0011406333870100926,0.004513082225692244,-0.001386962552010984,-0.0007189072609633529,-0.006567914236490724,-0.002217895645489687,0.008218322859351979,0.0
2019-10-22,0.009678466671144692,0.0027614010476895157,-0.0037037037037037646,0.006115107913668982,-0.005931478317983685,-0.004000454668881104,0.008153111954932069,0.0044446504298658596
2019-10-23,-0.002821930111491122,0.011386980906169297,0.0018587360594795044,-0.005362888809438582,0.00803020818843625,0.007896730671079544,-0.018867724718307888,-0.004424982927594523
2019-10-24,0.003958546457323298,0.003993844121696899,0.0,0.0028756290438531895,0.0002271139565839242,-0.0017928023702735718,0.019230561661923495,0.0044446504298658596
2019-10-25,0.0,-0.0018121113579666615,0.007421150278293043,0.002508960573476715,-0.00045412477509321203,0.0031414635375968114,-0.0013484510462850041,-0.004424982927594523
2019-10-28,0.004507797270955072,0.0036245850067768703,0.0009208103130755596,0.005005362888809373,-0.00910675055497423,-0.0026824556719489134,0.01484592055311662,0.0044446504298658596
2019-10-29,0.0028005954021721458,-0.0028867179998638415,-0.006899724011039443,0.0032017075773747017,-0.00987820555605523,-0.0013448352970448774,0.00797788969927482,-0.004424982927594523
2019-10-30,0.004469537872873852,0.0010872063766207418,-0.003242241778601218,-0.0028368794326240065,0.002784347861767289,-0.0020215463410326873,-0.0013182605871183695,0.0044446504298658596
2019-10-31,0.002785820229761704,-0.002531991212501139,0.006040892193308611,0.0,0.008794568352998633,0.004500020540824101,-0.006605193502067341,-0.008849965855189157
2019-11-01,0.0,0.0018104896410129356,0.006928406466512715,0.0007112375533429027,0.012843616725384699,0.006493281781373872,-0.013298224349195031,0.008928987086021856
2019-11-04,0.023305316013535693,0.007601492972966195,0.0,0.006751954513148473,-0.008604488178840741,0.0,0.02965003812374678,0.0
2019-11-05,0.007595071737159342,0.006823014576720521,-0.002293577981651418,0.0038828097423226904,-0.00890999691266292,-0.007564131015750153,-0.005236768802228453,0.0
2019-11-06,0.004843473749960303,-0.003568979871688027,-0.012873563218390838,-0.005977496483825617,-0.006451443859919914,-0.006500562185247194,-0.017104356217259364,0.004424982927594634
2019-11-07,-0.005357453286905622,-0.004650762737376302,0.0027945971122498303,0.002122391227449505,0.003709640082866228,0.00225711450735,-0.004016521912923343,-0.004405488715241934
2019-11-08,-0.0032307268605809014,0.0028763301483840653,-0.01346957733395271,0.0003529827038475375,-0.015253737530616984,-0.0069806647920824805,-0.01881701029566818,0.004424982927594634
2019-11-11,-0.015127363152357631,-0.01363261487709122,-0.005178907721280601,0.0017642907551165266,-0.0030505700919617462,-0.002038528182652155,0.002739440953117178,0.004405488715241823
2019-11-12,0.009322651128914838,0.008729401047028906,-0.005205868433506788,0.001408946812257783,0.0016474121652765294,-0.00045641405372276456,0.002731956918452738,-0.0043861655125730925
2019-11-13,-0.005975957195469506,0.001806237705830549,0.0023786869647954845,0.0024621878297572675,0.00047203560157815794,0.0004566224626318949,-0.005449027328995215,-0.008810977430483757
2019-11-14,-0.000548490307315741,0.0014386801190460208,0.004271476032273291,0.004561403508771988,0.011510454067976461,0.010449647635583759,-0.0054788819062348,0.0044446504298658596
2019-11-15,0.009851342117581208,0.0017942251845093349,0.0014177693761814325,0.005588543485854025,0.0020887299524463554,0.005170790875149267,0.005509065425112647,0.004424982927594634
2019-11-18,0.0064999413939710315,0.006099287288125144,-0.0009438414346389923,0.003820771101076703,0.0018560316637830088,0.000892455919276669,0.012328381289995027,0.0
2019-11-19,0.007532528028626695,0.0032055007371427635,0.002361832782238782,0.0041522491349481605,0.002080514752077045,0.00022291503797400303,0.0013539257644630265,-0.004405488715241934
2019-11-20,-0.0037407335410352127,-0.0017744659833041077,0.002827521206409056,-0.002756719503790417,0.01177191012874168,0.005810194049808981,0.0040527458680574835,0.008849965855189046
2019-11-21,-0.008042188529993388,-0.0032070469511674693,-0.003289473684210509,-0.0013821700069109877,0.006617248654070096,0.0017757443926735839,-0.017495712440004918,-0.008772331025146185
2019-11-22,0.0005422647527910662,0.00036157056447905234,-0.0028288543140029265,0.0,-0.00524239266122295,-0.004211864248375385,0.005478881906234578,0.008849965855189046
2019-11-25,0.000541970861096086,-0.0007167536572812994,-0.0028368794326240065,0.0038062283737025915,-0.0006878944959805011,0.003119075477246769,0.008175325219861307,-0.0043861655125730925
2019-11-26,0.0026977653156596837,0.0025012414249718784,-0.004741583688952167,0.004825922095828883,0.0018346879878339273,0.0042165274152250465,-0.02162290350040441,-0.008810977430483757
2019-11-27,0.003770946761858518,-0.0007154781779153963,0.0038113387327298742,0.002744425385934779,0.005721103396725713,0.004863429556359433,0.005526101105039372,0.0044446504298658596
2019-11-28,-0.002685675692788325,-0.00035493543846765174,-0.0018984337921215122,0.0,-0.0018209104552276978,0.00043886624160527354,0.0013725835872824277,-0.004424982927594523
2019-11-29,-0.015596645768854223,-0.009990694940986367,0.0009510223490252212,0.0010263427984946727,0.0,0.0006610998353429043,-0.005486401664244522,0.0044446504298658596
2019-12-02,0.006008588304212914,-0.00359881276279983,0.00095011876484552,0.0006835269993163973,-0.007523168035556638,-0.003957804005347065,0.0013800702679755972,0.0
2019-12-03,0.0,0.009761819061921972,0.0,-0.010587431693989124,-0.007811034709618414,-0.003970430982379591,-0.0013781682988821542,0.0
2019-12-04,-0.0038037235889626375,-0.0014319867740963943,0.011390602752728851,-0.008284432171211553,0.018522396133242802,0.008859388711514482,-0.0041384044292306355,0.0
2019-12-05,0.013090366970017087,0.0053791897980033365,-0.001407789770060841,0.004176818656456804,-0.006590086887497404,-0.0017550840373717902,-0.005539593400374354,0.0
2019-12-06,0.0016144912499866937,0.003568979871688027,-0.001879699248120481,0.0034662045060658286,-0.0032048057715245992,-0.0011000148316606673,0.012534427724578245,-0.004424982927594523
2019-12-09,0.006447555478043876,0.002842590050935012,-0.00988700564971734,0.006563039723661568,-0.004821222606689712,0.0006619730508914401,-0.00412702072697535,-0.0044446504298658596
2019-12-10,-0.006941855397266328,-0.002481736729095352,0.0009510223490252212,-0.0003431708991078475,0.004152082705547011,0.004398899502303211,-0.008286438350960657,-0.004464493543010928
2019-12-11,0.008063791198041459,0.0024879110693749595,0.00047505938242276,-0.000686577411603162,-0.002296853944904309,-0.0019728358052771844,0.013927952576379354,-0.004483345569495922
2019-12-12,0.022398002538789985,0.003546207139859092,0.006172839506172867,-0.0010305736860185544,-0.00023137101788794912,0.00022203582177926506,-0.004121348621839771,0.004503536479819825
2019-12-13,0.01095879165982594,0.0021214178344566292,-0.004247286455875354,0.007221458046767548,-0.014738851844887768,-0.013168117800853252,0.0,0.004484514629618408
2019-12-16,-0.00051764037188895,0.007046342555070195,0.0037914691943126133,-0.0017070672584500457,0.004674241756951414,0.00911667025959706,-0.0027583341612550383,-0.013392316788171654
2019-12-17,0.013424999746123323,0.004900930335917986,0.003305004721435356,0.004103967168262779,-0.003024706150528189,0.00021982036651158054,0.004149851105298641,0.0
2019-12-18,0.0005060373766221371,0.0020918626542749674,-0.0009411764705882231,-0.001021798365122617,-0.0034999574963284763,-0.0008790882245512943,0.012396299149107337,0.0
2019-12-19,-0.005598649914117404,-0.0027793516834164755,-0.0009420631182288641,-0.001022843504943638,-0.0053860386582852415,-0.001542856080649746,0.0,-0.0045250950494092335
2019-12-20,-0.007171166271345952,0.0038337549865727905,0.0014144271570013522,0.005119453924914641,-0.0030610253103908747,-0.0019889537048530803,0.008162414406901908,0.009091329227699285
2019-12-23,0.0020644284272302027,-0.0027824118207815385,0.0014124293785311437,0.006451612903225934,0.0030704239558332347,0.0037619816004901274,0.010796872459403417,0.004503536479819825
2019-12-24,0.0005163092996414154,0.0006990374791631115,0.00611189468735307,-0.0013495276653171517,-0.0023541798522426216,-0.000219917051005325,-0.004005798003570482,-0.00896786019911433
2019-12-25,0.0015430693419946628,0.0031285449877604954,0.008878504672897192,-0.002702702702702786,0.002831089213401805,0.002205850460688108,0.0026806874637921307,0.0
2019-12-26,0.0,0.0010415798683443,0.0004631773969430153,0.0027100271002711285,-0.00282309677457504,0.00021948128226534358,-0.0026735205906606163,0.0045250950494091224
2019-12-27,0.006678015588771791,0.0013853462473762956,0.006018518518518423,0.00540540540540535,0.0014170268523625573,-0.00021943312080263677,0.0,0.004503536479819825
2019-12-30,-0.0020423012268862006,0.003461543028820513,0.0013805798435342354,-0.0033602150537634934,0.001412061432072953,0.001097406411326718,0.0,-0.004483345569495922
2019-12-31,-0.00869377206126365,-0.001035472323304143,0.003676470588235281,-0.006743088334457137,-0.004706146665050648,-0.001976254072164174,-0.0053613749275845946,-0.009009421609694312
2020-01-02,0.007222963342446542,0.004146182550494704,-0.0032051282051281937,0.006109979633401208,-0.006620352907282467,-0.007267833109017574,0.0,-0.004545664613849643
2020-01-03,0.0,0.0030908983660711264,0.014699127239320209,-0.0006747638326585204,0.015233510733720035,0.011756052559403596,0.008085411312868773,0.009132844073829416
2020-01-06,-0.012801337543371871,-0.0075387817987229155,0.02354006337709369,-0.004051316677920358,0.009612581172416812,0.005483199231119951,-0.012031718074014597,-0.0045250950494092335
2020-01-07,-0.0031117527329861394,-0.009320266394899579,-0.0110570544007077,0.0077966101694915135,-0.008360096727427546,-0.00676147643440117,-0.0067660845140310455,-0.004545664613849643
2020-01-08,-0.00468219894484212,-0.006626833892547035,0.019677996422182487,-0.009754456777665621,0.0037475768709205326,-0.0035132525809605797,-0.010898054657990652,-0.004566422036914486
2020-01-09,0.013588269770598238,0.007020247936372126,-0.021929824561403466,0.009171195652173836,-0.013299064845396225,-0.007048182701772321,0.011018130850225294,0.004587369903935379
2020-01-10,0.003611481671223382,-0.0003467717345163601,-0.007623318385650335,0.004712218108380961,-0.0007098539007808213,0.0035506647754726117,0.008175325219861307,0.0
2020-01-13,0.007196971611383773,0.005227303991052645,0.004066877541798464,-0.0020100502512563345,0.004731758062119118,0.0070730979982853714,0.008107261494135987,0.004566422036914597
2020-01-14,0.006121885741525945,0.006241335610121634,-0.011251125112511251,0.0026854649211145443,-0.003295448494565867,-0.003951252463749277,-0.002680687463792353,-0.004545664613849643
2020-01-15,-0.010144385426797298,-0.00034886058584904234,0.010468821119708815,-0.0016739203213926857,0.008034357488840405,0.004629629629629539,0.0026878928644982203,-0.004566422036914486
2020-01-16,-0.0030734968836757526,0.0031053512595895505,0.0,0.005365526492287165,0.002108145509149395,0.003729790546059819,0.012063971349823621,0.004587369903935379
2020-01-17,0.0,0.0020638252706559612,0.0013513513513514486,0.009006004002668488,-0.004912575547008857,-0.001529366602687099,0.0026504678214471777,0.0
2020-01-20,0.004113999221675657,0.0010239028351515245,0.0022492127755286973,0.002975206611570247,0.0007056829623333094,0.0032817944987650893,-0.00396346210404297,0.0
2020-01-30,-0.05681137536177161,-0.05104284236267853,0.012567324955116588,-0.015491100856954487,0.05262039785434802,0.029457929943530692,-0.045093349590699994,-0.009131653661410999
2020-01-31,0.007850022413388169,0.007941571836534989,-0.0035460992907800915,0.012387010378305918,-0.004686729156388569,-0.005994586111499944,0.008334288265969603,-0.004608505311314182
2020-02-03,-0.010007465887249212,-0.006447013416425507,0.004448398576512469,-0.006613756613756627,0.011211557958769935,0.004736510979957531,0.005509065425112647,0.0
2020-02-04,0.01740395466628164,0.013701426432927821,-0.004428697962798878,0.0006657789613848664,-0.003105321936941019,-0.004284806974962141,0.006849499383760227,0.0
2020-02-05,0.002759918621827895,-0.0014217980558589582,-0.011120996441281172,0.001996007984031989,-0.009786392360858986,-0.0038750172189713217,0.002720804802300636,0.0
2020-02-06,0.015963470128127266,0.012820512820512997,-0.0022492127755285862,0.016600265604249653,-0.01662044390776496,-0.006914381914381984,0.00407102164696016,0.0046298419625894205
2020-02-07,-0.01191993518857759,-0.007384971823677922,0.007213706041478751,0.0006531678641410466,0.012790057150726453,0.01066174244717577,-0.00540661075411164,0.004607303928282347
2020-02-10,-0.002193406203161552,-0.0031911401791899774,0.004028648164726922,-0.004242819843341961,0.007441715532137794,0.002797563064978803,0.01902155539027106,0.0
2020-02-11,0.008243354286282534,0.007110059575713423,-0.0031208203299153414,0.009177318911832044,-0.0006720335623120466,-0.003862053310075386,-0.005332783873829183,-0.004586174030655199
2020-02-12,0.009811148371557055,0.007762217015119033,-0.0017889087656529634,-0.00032478077297815044,-0.007166613205476624,-0.0028035729813524757,-0.002680687463792353,0.0
2020-02-13,0.001614163513735889,0.0027997909169013013,0.0049283154121864126,-0.00032488628979865375,0.002479800255631881,0.0032414423516395896,0.001344826554339651,0.00921580923959664
2020-02-14,0.0016166945525091236,0.005236449040483482,0.0004458314757023185,0.008124796880077945,0.0018008288901580904,0.000647392745604547,-0.004027303394290693,-0.004566422036914486
2020-02-17,-0.0069892445569463835,0.00035164887561767166,0.0053475935828875,0.00032237266279833143,0.004043875912552952,0.0034445369643743007,0.010780548417158364,0.009174739807870758
2020-02-18,-0.013545380896110792,0.0,0.0017730496453902678,-0.0035449564937157785,0.008057988285422146,0.0036476305326376135,0.001334069050296538,-0.004545664613849643
2020-02-19,0.011534357214596502,0.005552907530981921,0.01017699115044235,0.005821474773609392,-0.00022305060739480354,0.0,-0.0013322916811986385,0.004566422036914597
2020-02-20,-0.00434393633030461,-0.001036901855757999,0.004818221638195563,0.0025723472668810476,0.004883109349857584,0.0036343736802348925,-0.013331959684573014,-0.004545664613849643
2020-02-21,-0.00490824949489177,-0.0010379781372148456,0.013077593722754965,-0.001603592046183433,0.015990719721147517,0.010436916220188497,0.0,0.0
2020-02-24,-0.012599954068104435,-0.006917148591039091,0.02108433734939763,-0.017989078059749364,0.01027326165814424,0.008431629020054121,-0.006756936124123758,-0.009131653661410999
2020-02-25,0.002769936672058382,-0.0010462940265578702,-0.005478297513695662,-0.00981354268891077,0.004974895702933857,-0.006688904851782751,0.0,0.0
2020-02-26,-0.00995793313582638,-0.012903843621694833,-0.006779661016949157,-0.01222332342253063,0.001721832567924908,-0.0027374960840630402,-0.006802902904508135,-0.004608505311314182
2020-02-27,-0.00894525821446257,-0.014133611437856963,0.0038395904436860917,-0.04013377926421402,0.009456486999680491,0.0010569024537752103,0.002739440953117178,0.0
2020-03-02,-0.014661874291486021,-0.005381469294873709,-0.027624309392265234,-0.037630662020905814,0.01980003086271931,-0.01623271882643451,-0.027323147386123736,0.0
2020-03-03,0.014307524536532057,0.006486519910957167,-0.0034965034965034336,0.02461984069514833,-0.010020871380119867,-0.002999019207436171,0.011236637065267896,0.0
2020-03-04,0.006773319571668157,-0.0025066198108977256,0.024561403508771784,-0.013427561837455748,0.013073876229052317,0.005373209303994431,0.020833901745616945,0.009258476979933317
2020-03-05,0.01121291728070739,0.008616601277400493,-0.0008561643835616195,0.018982808022922626,-0.006451277248842313,0.004916219061724902,0.0013595115023938842,0.009174739807870758
2020-03-06,-0.02051387656824233,-0.007828529555446995,0.02142245072836335,-0.037609841827768054,0.043996439231292817,0.014889593266387946,-0.012227888553970279,-0.013635808840345987
2020-03-09,-0.028296648499452903,-0.022593828087495105,-0.002936241610738244,-0.05113221329437545,0.0856915715346187,0.0008398509264604392,-0.012379260775108869,-0.009217010622628585
2020-03-10,0.005242718446601957,0.0,-0.008834665544804388,0.005003849114703529,-0.04343828898647062,-0.04335005798266933,0.008355677154582741,0.0
2020-03-11,-0.011584204862164937,-0.010276625085795965,0.004244482173174857,-0.0160857908847184,-0.0009659315927246226,-0.0035025949660096867,0.006906269728000236,0.009302754206973907
2020-03-12,-0.036929914682628295,-0.038562112295212336,-0.01775147928994092,-0.05488516932658627,-0.02514575497694027,-0.02658186063855139,-0.03566520374598714,-0.009217010622628585
2020-03-13,-0.014001461022019823,-0.024683351641806794,-0.033562822719449104,-0.03418451400329492,-0.0382935991371296,-0.05890461283404658,-0.029871683097489665,-0.013954131310461304
2020-03-16,-0.045676115883739765,-0.03479346469087552,-0.02359750667853966,-0.024307036247334768,0.05116523703079201,0.00839447352704692,-0.027859229089735815,-0.009433173387900062
2020-03-17,-0.0316945883831693,-0.030318580587110566,-0.025991792065663488,0.002622377622377714,-0.006867693877450898,-0.008324592951888699,-0.021115924251313145,0.01904725253034356
2020-03-18,-0.027386974642868545,-0.01605010765316106,0.015917602996254665,-0.02441150828247607,-0.050594458960845246,-0.040767914160169005,-0.0462241934930574,-0.004673113516700633
2020-03-19,-0.05838365467023443,-0.06182908589910774,-0.035944700460829426,-0.039767649687220796,-0.06327974611102438,-0.11250008695591684,0.016153396973697554,-0.009388884129101771
2020-03-20,0.07950558269122543,0.06544052396396949,0.01290630975143392,0.04234527687296419,0.03822335279121569,0.0140853902287994,0.03338809180267788,0.009477870759452944
2020-03-23,-0.04324515672266205,-0.03393528414535274,0.005663048607833732,-0.08571428571428563,0.055221501211689894,-0.05027593989611667,-0.03692323810713505,-0.009388884129101771
2020-03-24,0.048731592791168454,0.03957548105534614,0.0661661191928673,0.04931640625,0.012575316284033189,0.0564492172717026,0.06389735586327228,0.01421742391200942
2020-03-25,0.0350171589852144,0.030369973505170567,0.034330985915492995,0.04467194043741274,0.0010013417980094808,0.04512451129557227,0.0,0.009346227033401266
2020-03-26,0.004555201606405657,0.007058857049241141,-0.01829787234042557,0.01158129175946554,0.005604405497869225,0.05669111414145145,-0.01201272652907126,-0.0046298419625895315
2020-03-27,-0.0077735071473080675,0.0037062709538697725,0.012136974425660974,0.03786878027300755,-0.0009947650489301463,0.010777365439883946,-0.02583617781404557,0.0
2020-03-30,-0.009793009967107857,-0.0012332107169534812,-0.003426124197002167,0.00042426813746287984,0.02290735738912897,0.035220598891657184,-0.004678682777135346,-0.00930275420697424
2020-03-31,0.0039559445916586,0.006992118873076381,-0.001718951439621752,0.021628498727735535,-0.007790083887594945,0.003113239936135326,0.028212265274117243,0.00939010807436702
2020-04-01,-0.0032836306322083786,0.0012261599473102347,-0.02324580284115363,-0.029472810294728147,0.0029457501238638883,0.008121139219054774,-0.007622158160780046,-0.004651377103487064
2020-04-06,0.015154462565653448,0.01305135867093088,0.024680475980608074,0.022241231822070162,0.004891087704539165,-0.009713666043699942,0.05990866845038112,0.009346227033401266
2020-04-07,0.01881637345927034,0.015294068885481016,0.043010752688172005,0.020083682008368298,-0.008763540168456485,-0.005741579017441101,0.0,-0.0046298419625895315
2020-04-08,0.014015459476513614,0.02180628129762696,-0.012783505154639108,0.008613617719442246,0.0019641252522673014,0.0103443081197796,0.01739138686962627,0.004651377103487064
2020-04-09,-0.004397826815375261,-0.004654383710322896,-0.0025062656641604564,0.023180154534363506,-0.004900687566465667,0.010003147727837503,-0.008547981187725373,-0.009259683925179063
2020-04-10,0.0006310361613770521,0.00311743219919447,0.024706867671691723,0.016295707472178123,0.0,0.06319384300448805,-0.008619797497793846,0.009346227033401266
2020-04-13,-0.006306382058643423,-0.0019406727665590706,0.005312627707396933,-0.011341415721548675,-0.0009849645166533083,-0.013749394452724162,-0.013044963653273123,0.0
2020-04-14,0.02728349692954901,0.014406275683730208,0.018699186991869787,0.017800632911392444,-0.008875885493435987,0.017989494135424833,0.0,0.0046298419625894205
2020-04-15,0.003088925759875627,0.016125101275911824,-0.005586592178770777,0.007384376214535582,0.004973825244649843,0.002206643903608585,-0.0014673161575931015,0.004607303928282347
2020-04-16,-0.0049270618874166505,-0.0011344409798976773,-0.006019261637239204,-0.011959876543209957,0.01782210069165191,0.008598615757791306,-0.007353139432317524,-0.009173543934590467
2020-04-17,0.030321785825861758,0.0022714587957375354,-0.014533710133225686,0.035923467395548636,-0.0029175287558926843,0.0008725976959771398,0.004444953202849655,0.0046298419625894205
2020-04-20,-0.0030035871412142923,0.0037750265482141554,-0.013109381401065101,-0.006407840180927327,0.004879214448912039,0.0008748746924269746,0.0,0.004607303928282347
2020-04-21,-0.028915565859089054,-0.018797695766325395,0.00498132004981322,-0.022382397572078938,0.006794335465460488,-0.0030563497411056906,-0.02654976656680319,-0.004586174030655199
2020-04-22,0.0,0.004976825219420666,-0.0012391573729864103,-0.020954598370197863,0.01446585749129925,-0.00021919743295439886,0.016667923375174976,0.004607303928282347
2020-04-23,0.0037228101898634236,0.004193324698093859,0.02067824648469818,0.020610384462940834,-0.00855527309876225,-0.0006607815492739588,0.011921258797490841,0.0
2020-04-24,0.0,-0.00037784277831709456,0.002836304700162051,-0.009708737864077666,0.0019170446839151811,0.003763155809886065,-0.01914479140548153,-0.004586174030655199
2020-04-27,0.02039951253112915,0.01747205839225785,-0.002020202020202033,0.030980392156862768,-0.006699210014613377,-0.002206929211303499,0.0165157783790586,0.00921580923959664
2020-04-28,0.0,0.004477153068675133,-0.018623481781376516,0.00038037276530999975,-0.010596954549394688,-0.00972344762542221,0.008863646475530285,0.0
2020-04-29,0.013927833742975348,0.0059493065518891886,0.009075907590759158,0.00684410646387823,0.0009734562808616509,0.0011152279304689205,0.010248789607401276,0.004566422036914597
2020-04-30,0.02150384667910954,0.014401805296720305,-0.0024529844644318732,0.01699395770392753,-0.0077825079563439425,-0.001782990698373954,0.007246569362461486,-0.004545664613849643
2020-05-04,-0.029239896387488473,-0.013472473911141702,-0.007377049180327888,-0.04715930189379869,0.000982587857076389,-0.0026777259926954455,-0.017266265677761683,-0.004566422036914486
2020-05-05,0.004820217368849855,0.00886149714329143,-0.002477291494632494,0.020265003897116163,-0.005877500263153479,-0.011867881197885288,0.024890465461866684,0.0
2020-05-06,0.0011992735828583179,-0.00037043315565099544,0.004552980132450202,0.006493506493506551,-0.003939858066613011,-0.0006800705027217857,-0.004286200716175359,0.004587369903935379
2020-05-07,0.004192429669853226,0.00293315914429626,-0.010300782859497315,-0.006451612903225823,-0.008902216530780827,-0.015193374477503463,0.005738282461035471,-0.004566422036914486
2020-05-08,0.005964180833962995,0.0036447667537151673,0.017069109075770195,0.016042780748663166,0.00798194085880688,0.0,0.011412953113294488,0.009174739807870758
2020-05-11,0.008300348388772472,0.0058216806124931075,-0.010233319688907061,0.005639097744360777,-0.01366229074126768,-0.014505341236884628,0.0014093664685304041,0.0
2020-05-12,-0.011760028224067742,-0.0039765254720960375,0.0,-0.004859813084112097,-0.00020071051522396743,-0.00817642025899501,-0.022534728050451758,0.0
2020-05-13,0.0029749930583495843,0.007256080470866788,0.0,-0.014274981217130112,0.00903629574609055,0.012482487546699783,0.0144096134540046,0.0
2020-05-14,-0.011864674907907546,-0.009726688102893899,0.007030603804797364,-0.01676829268292679,0.00796060730406234,0.005586144823367167,-0.005681226281717411,0.0
2020-05-15,0.006603924618058699,-0.001817080557238171,0.012320328542094305,0.013565891472868241,0.0069083605966850925,0.003933810062272114,-0.012858602148525966,-0.004545664613849643
2020-05-18,-0.008349853167547994,-0.00656215594034637,0.016227180527383478,0.009942638623327005,-0.0029404125398793113,0.009677009962561156,0.010130147280401403,0.009132844073829416
2020-05-19,0.009021600288691145,0.006605502276348041,-0.017564870259481058,0.021204089360090883,-0.01676800047185356,0.005480312981177127,0.005731943907628434,0.0045250950494091224
2020-05-20,-0.0011921251617884598,0.001820388349514701,0.008939455505891925,-0.0037078235076009047,0.0018071250215578871,0.009535149730915737,0.01566881143511689,0.004503536479819825
2020-05-21,0.00835483614290733,0.005457485934797335,-0.006041079339508593,0.005210271678451894,0.006407089714225878,0.01619069731444922,0.014025626708202399,0.0
2020-05-22,-0.01834671055598136,-0.0065146782096745515,-0.006077795786061491,-0.01147723065531292,0.004975531392702459,0.0004417297527838926,-0.005531927226356204,-0.004483345569495922
2020-05-25,0.0066317947186798065,0.0018190683369589955,0.00040766408479409044,0.01797752808988773,0.0,0.001105359317904897,-0.0013915856426247597,-0.004504710804847156
2020-05-26,0.011379451961030407,0.011637121481564927,0.0012224938875307068,0.010301692420897846,-0.004950898044062235,-0.00463859984243975,0.006963976288189677,0.0045250950494091224
2020-05-27,-0.001184359684396341,0.0010793940590150264,-0.017908017908017992,0.004734158776402042,-0.00815868152136734,0.003994034922594647,0.0013820761210574517,-0.009009421609694312
2020-05-28,-0.005928820277694702,0.0017991041447169565,0.008288437629506706,0.009786154403769398,-0.003009375554572369,0.0026541265275683568,-0.012430561961973896,0.004545664613849532
2020-05-29,0.00715701700075555,-0.0014391586457147554,0.0004110152075627038,-0.006460875807609456,0.0006041932515874482,-0.0017637219694185413,0.01818268404770329,0.0
2020-06-01,0.005329618579783535,0.0068242989387845565,0.013147082990961456,0.0032514450867051625,-0.00020044097013416362,0.004859565254412335,0.00824089831368302,0.00904901045985862
2020-06-02,0.004712323848846678,0.004276040105463341,-0.005271695052716963,0.0,-0.005029570970328856,-0.0004418431517337895,0.0013631489454331014,0.004484514629618408
2020-06-03,0.01758274891678191,0.01100701720189079,-0.00978393803505917,0.014404033129276295,-0.010109990857183004,0.00044203846340162833,0.010883219209202544,0.004464493543010928
2020-06-04,0.00921835990013431,0.006669679168549658,-0.013585837793330557,0.008874689385871548,-0.005719825250178778,0.0021971104668405683,0.004038150030228893,0.0044446504298658596
2020-06-05,0.008557836074487124,0.004536694557163434,0.005425709515859634,0.0,-0.02156761888676495,-0.007238193018480499,-0.009383283886031268,-0.004424982927594523
2020-06-08,0.013018938107483002,0.0027764537654910715,-0.012868410128684005,0.0190007037297677,-0.011337987095356605,0.01237365518625877,-0.005412158749568019,0.0044446504298658596
2020-06-09,0.0011175324882659599,-0.0013843832067780282,0.003784693019343921,0.008977900552486151,0.013803940657340474,0.008511827323776977,0.005441609604601272,0.0
2020-06-10,0.00948310688694698,0.0006901762924442778,0.01298701298701288,-0.0023956194387405594,0.007538632556246094,0.0006494589827923392,-0.002706079374784065,0.0
2020-06-11,-0.015475914653411138,-0.014899904274357945,0.007030603804797364,-0.02572898799313894,0.014138274866296374,0.00172977414687292,-0.009497865867744149,-0.004424982927594523
2020-06-12,-0.008985446785295892,-0.004925067749859791,-0.002053388090349051,-0.028521126760563287,0.00758477324847906,-0.010363695265155237,-0.013698998767520787,0.0044446504298658596
2020-06-15,-0.014161660972858536,-0.005653041542576731,-0.0016460905349794386,-0.023559260601667242,0.008952106735877319,0.0010901686608042471,-0.01944424739485273,-0.01327494878278368
2020-06-16,0.021837790490789155,0.011376460182389359,0.0016488046166529546,0.046028210838901185,-0.024600829992262874,0.0013079777643778545,0.038244290810202974,0.008969029259236816
2020-06-17,0.001125076344466125,0.0003498190591073591,0.00041152263374466536,0.0017743080198722172,0.0033068663835398304,0.015016103662647051,-0.010914697768820703,0.0044446504298658596
2020-06-18,-0.001123811970202726,0.003165358318561795,0.00041135335252984184,-0.009564293304994642,0.0028852546545268254,-0.005572823042206521,0.0,-0.004424982927594523
2020-06-19,-0.0005625381722331735,0.0003485933058064994,-0.0004111842105263275,0.00679542203147343,0.0022600981338194437,0.00021371390238611454,-0.017931881610202427,0.0044446504298658596
2020-06-22,0.002251419198173066,-0.0027997909169015234,0.018099547511312375,-0.004973357015985669,0.0020506979523664537,0.0019408198331607451,-0.0028086994268560206,0.004424982927594634
2020-06-23,0.004492723392647946,0.00210272631420394,-0.00121212121212122,0.006783291681542236,-0.0014322959806511992,0.001075157349129885,0.015494124222296346,0.004405488715241823
2020-06-24,0.0061498650224429685,0.0,0.010113268608414216,0.0017730496453900457,-0.008195194160509511,-0.0066629584482289506,-0.009708632054651667,0.004385022090906521
2020-06-29,-0.010001905124785715,-0.0010461508862221747,0.002002402883460208,-0.03646017699115045,0.02292822513406967,-0.001295660876402982,0.005601655184557686,0.00436701605071943
2020-06-30,0.008980403476698928,0.0017514294312370726,-0.0023980815347721673,0.01285819250551068,-0.002827573368484937,-0.00043542965872434003,-0.006963976288189788,0.017392112568136442
2020-07-01,0.006670057323288514,0.008050900919845283,0.008413461538461675,0.005803409503083001,-0.007086455258709878,-0.00021482597604105536,-0.001403297381491142,-0.004273699479602433
2020-07-02,0.011051875397999122,0.010424303109410449,-0.012713547874453779,0.00973674720519302,0.0010188499952996644,0.004983839824759917,0.016854035918979937,0.015408163607821823
2020-07-03,0.011477619942429573,0.008246328083525212,0.005633802816901179,0.003214285714285614,0.00122340614545835,0.008198887611988503,0.011050393339013143,-0.01754345368356336
2020-07-06,0.017286098045471876,0.01704811382570437,-0.0036014405762304635,0.013171947312210719,-0.008140159811795056,-0.001499201800220229,0.008197659856156392,0.0
2020-07-07,0.0037181867389730616,-0.013408727465169523,0.007630522088353464,0.0,0.004925201851487371,0.0034276780578457178,-0.008131004645781426,-0.0044650217531014835
2020-07-08,0.0068796242162771915,0.009853595396213777,0.005978477481068056,-0.007027406886858767,0.007347779642911778,0.0066202776871360225,0.0013668730096254578,0.004485047588146163
2020-07-09,0.0031485105893072074,0.0006755157302786863,0.009904912836766977,0.005307855626326852,-0.000810464843246983,-0.001060104725497224,0.0027282277775395603,-0.013392822093389767
2020-07-10,-0.00837799267487016,-0.007396808179185088,-0.009023146331894716,-0.008447729672650395,0.019269838382000692,0.01019423720092627,0.0013595115023938842,0.004524495939321804
2020-07-13,0.014789132830465901,0.0044002418098536555,0.0019794140934281668,0.021654242101526444,-0.005570512725163401,-0.003365717146635694,0.0,-0.0045041170798837404
2020-07-14,0.006247954538692646,-0.0023612067618480337,-0.004346108257605619,-0.011813759555246661,0.0005983142496017724,0.0021110401300887816,-0.00951077769513542,-0.004525632747346631
2020-07-15,0.004139439992903782,-0.0016880819096789512,0.0035714285714285587,0.017580872011251802,-0.0009990856248768276,0.008417679154581137,0.0013724986481606916,-0.004545065235389778
2020-07-16,-0.009790642207237688,0.003387683475310155,0.0011862396204034287,-0.0013821700069109877,0.002002663567484575,0.004422261301334496,0.0,0.0
2020-07-17,0.01144862244822109,-0.0013493400974073921,-0.008688783570300118,0.0010380622837371511,0.0019986609220719043,0.0025175153268048867,-0.006849499383760449,0.0
2020-07-20,-0.0015435047848648686,-0.0013569622602119802,0.004780876494023811,-0.0003456619426200902,0.0,0.0018805413904592339,0.0013800702679755972,0.004565817172290654
2020-07-21,0.02439072269171505,0.009813599674815654,0.005154639175257936,0.012102351313969528,-0.0009985791361545315,0.002087783759149975,-0.00688723372399469,0.0
2020-07-22,0.002529510961214232,0.004358826912018499,0.0220907297830375,0.0,0.0,0.006668125733678698,0.0,0.0
2020-07-23,-0.0010082957412645976,0.006675903766217406,0.006947124662292525,0.004441407584557577,0.003993336151378868,0.004345383136299397,-0.001387725891441316,-0.009090130470779556
2020-07-24,-0.0035397722108748697,-0.010607198107198013,0.006899195093905686,-0.015306122448979553,0.013916131716595448,0.00659529726629704,-0.009722123697426421,0.0
2020-07-27,0.04872955600466611,-0.00033916037687042877,0.024362390559573788,0.0,-0.002940925023510399,-0.003276042161238224,0.0,-0.009174671407086499
2020-07-28,0.002902079976563776,-0.012731454859114422,-0.0011148272017837968,-0.0003454231433505095,-0.013765614626486178,-0.009241175629971843,-0.009817571340406062,0.004629231152166957
2020-07-29,-0.010132452144702375,0.005428514846871568,0.005952380952380931,-0.0038009675190049386,0.01295917252069212,0.0014508616081654324,0.0014172109511081388,0.0
2020-07-30,0.01462573428379077,0.012495799974510113,0.0025887573964498145,0.008671522719389424,-0.0019667033686537883,0.0,0.018386554808641487,0.0
2020-07-31,-0.0024039990911155495,0.008336432556143691,0.007008483954260569,0.006533700137551612,0.009860265807015933,0.0033098368803941014,-0.006944633915205611,0.009216957998642972
2020-08-03,-0.017337749008067616,-0.0076092877570475,0.002564102564102555,0.004441407584557577,-0.003905109489051095,0.0008275442764333896,-0.020977765729661035,-0.01369859870711665
2020-08-04,0.01274366641170066,0.005334751359418188,-0.00036536353671912103,0.00612244897959191,-0.0019614308919259082,0.00041061755755689155,0.002856843515320673,0.004629231152166957
2020-08-05,0.009681228943899223,0.014912639912639802,0.023026315789473673,0.0023664638269100813,0.00294670478129766,0.007213782090928378,0.007122695804176349,-0.004607900117397423
2020-08-06,0.01054497481627914,0.002611434271432289,0.011075384065737826,0.0064080944350759506,-0.0009785356616461849,0.0022496748298788116,0.019060814928563596,0.009259625427738838
2020-08-07,-0.007115138736232929,-0.0016264979431228621,0.0031802120141342094,0.0013404825737264314,0.005881850047020576,0.005305224462515357,-0.005754888292274218,0.0
2020-08-10,0.009077395072271122,-0.0016291477485851358,-0.014089468122578497,0.007697456492637311,-0.010721145790584474,-0.0018255606188622986,-0.00144796380090495,-0.004587911929608168
2020-08-11,-0.007576300329560137,-0.00817024617282558,-0.007502679528402889,0.0029890401859846705,-0.000984319616679774,-0.00040796389935793265,-0.005796591984737698,0.0
2020-08-12,-0.014790016062372513,-0.00428556082612952,-0.06623470122390207,-0.0076158940397350605,-0.015187217282124577,-0.012005141887783455,-0.01166261829740134,0.0046090578812458816
2020-08-13,0.00968592861264539,0.003310336995713037,0.028912875867386223,0.011011011011011096,-0.0016042674011864655,-0.0035014261426704607,0.007374917083423416,0.0045867594774782194
2020-08-14,0.0023993867729836804,0.01022082875867314,0.01198950917946795,0.0006600660066007347,-0.01323960486101916,-0.01612198223959349,0.0,-0.004565817172290765
2020-08-17,0.010524791630844854,0.010778469950253111,-0.005923731951129163,0.0006596306068602509,-0.0010155369556684724,-0.005672242413125139,0.013176926690860125,-0.004587911929608168
2020-08-18,-0.005682225247169992,-0.0019398319551289234,0.025325884543761612,0.0003295978905735186,0.0014297882696521214,0.0,-0.007223887572430643,0.0046090578812458816
2020-08-19,-0.007142245979672057,-0.004209287086706981,0.0,0.002635914332784095,0.006933685713417681,0.0,-0.004367342210224501,0.0
2020-08-20,-0.035011089793307915,-0.031848092795003224,-0.023247366509262624,-0.010844561288202326,-0.00384898696975855,-0.0008474747270927896,-0.01900693343971749,0.0
2020-08-21,0.02187032911249598,0.010742530629172409,0.00037188545927846484,0.009302325581395321,0.001423394138846401,0.002962907399767456,0.0,0.0045867594774782194
2020-08-24,0.002916189451121598,0.0009972987451134507,-0.009293680297397744,0.0039499670836076195,0.009135584677419262,0.00632252348653517,-0.001489241127153984,-0.004565817172290765
2020-08-25,0.007760008438779886,0.009951664968203433,0.0,0.01081967213114754,-0.004627583192857498,-0.002512548450166241,0.0059696201767880375,0.0
2020-08-26,0.003850127199829023,-0.0003269502866452001,-0.005253283302063649,0.0016217969510217145,-0.011518621478678881,-0.009872050205608107,-0.001482611645717613,0.0
2020-08-27,0.002393700216249073,-0.003287488933624294,0.012070916635231965,0.008095854922279822,0.0018401902629820999,-0.0014847186848806482,0.001484813046832567,0.0045867594774782194
2020-08-28,-0.010040387685600227,-0.0029645386860982503,-0.001863585538576129,0.008352071956312379,-0.024081214878922452,-0.015509830235328592,-0.005934195284882482,-0.004565817172290765
2020-08-31,-0.016423999597966144,-0.0026499160197921423,0.013069454817027593,0.006052883083784488,0.006690013785010995,0.000647714157853807,-0.0059696201767882595,-0.004587911929608168
2020-09-01,0.01522583282239931,-0.003311239439023672,0.010689273866568483,-0.004749841671944255,0.0024936948460201336,0.003236474478927498,-0.006007367418709997,0.0046090578812458816
2020-09-02,-0.003390218236720366,0.002660075463943423,-0.013129102844639085,0.009226853324848738,0.010361548058495984,0.010745624325465775,-0.015104414152921963,-0.004587911929608168
2020-09-03,0.002915130675896993,0.00364932336648649,-0.010716925351071716,0.01166456494325363,0.010458967393379925,0.010422469823583969,-0.009203571373211594,0.0046090578812458816
2020-09-04,-0.007259777354621355,-0.005292415905610248,-0.0014942099364960715,-0.037083203490184014,0.0032478249147729343,-0.0004221323715223324,-0.015478513906217573,-0.004587911929608168
2020-09-07,-0.001461651250933782,-0.004316907793814773,-0.001122334455667784,-0.009061488673139051,-0.019421352688550053,-0.018949394544436116,0.020439417685161443,0.0
2020-09-08,0.005855163210365832,0.0003321878579611859,-0.0041198501872659055,0.005878510777269641,0.00041235845987963593,0.0008580071393222699,0.016948624663976508,0.0046090578812458816
2020-09-09,-0.006794320315476998,-0.004002106974773545,0.002256487401278706,-0.023701298701298668,0.010105018458875792,0.0002135864381389574,-0.010606083807394584,-0.004587911929608168
2020-09-10,0.008795973172975202,0.0,0.00787992495309564,0.01330229464582633,-0.005512679162072764,-0.0008570885316874222,0.010719778678454972,0.0046090578812458816
2020-09-11,0.00048567710719726875,-0.0033513644019569355,-0.004095309009679804,-0.009845749917951951,0.0047225832759894,0.00321757104127518,0.0,0.0
2020-09-14,0.01258941737880015,0.0077288667404946665,0.0029906542056075125,0.002320185614849146,0.000816796584674151,0.003210169817983388,0.012122058969902483,0.0
2020-09-15,0.0038262017937016335,0.004006501980356791,0.012299664554603185,0.003968253968253954,-0.0010214297481909718,0.0004247136818895658,-0.011976874589849196,0.0
2020-09-16,0.015246471099737313,0.004982441738496046,-0.004050073637702489,0.0039525691699604515,-0.0026564030222610002,-0.0004245333767559645,0.006060072429924457,0.0
2020-09-17,-0.010792723787038883,-0.0006636791650123097,-0.009242144177449174,-0.011482939632545985,-0.004098245971075665,-0.0008523363616000923,-0.028612904821519014,0.0
2020-09-18,-0.0009465915973172478,-0.0009933417720082716,0.0026119402985074203,-0.005310321938267526,-0.0006181606400261774,-0.001281050927597449,0.0,0.0
2020-09-21,-0.008073859196924937,-0.005625063921180784,-0.0007443245254931119,-0.016683350016683307,-0.00946984219485636,-0.008118870762736652,-0.0077522264637273075,-0.004587911929608168
2020-09-22,-0.01292463421700718,-0.007662506856829454,-0.020484171322160183,-0.0037326094333219872,0.009560377460732683,0.003876641106503431,0.0,-0.004607900117397423
2020-09-23,-0.0014538550089202573,-0.0033512411684432086,-0.013307984790874583,0.013283378746594021,0.0020601060213369937,0.002790123023052926,0.0,-0.004629231152166735
2020-09-24,-0.02428303723980818,-0.021550105439523848,-0.018882466281310184,-0.02352941176470591,0.0078077174223565304,-0.00428010452096983,-0.03593726868072755,-0.004651929130821908
2020-09-25,0.001991178561173479,-0.005509137610345327,0.00942655145325988,0.0061962134251289935,-0.002039943408021494,-0.007523845547120711,0.0016195774356622117,0.0046736707157724044
2020-09-28,0.016391055153621936,0.016613031551697688,-0.0046692607003890885,0.015395141977420534,-0.0016332617301922925,-0.0034625077182607322,0.016181851632290245,0.004650760598008397
2020-09-29,0.0024451233885989243,0.0006774909473192814,0.008600469116497367,0.006738544474393482,-0.00552508643267402,-0.0021730687703631624,-0.004777653055887399,0.004629231152166957
2020-09-30,0.004384953752801124,0.002719802026427409,0.007751937984496138,-0.014056224899598346,0.0,-0.0026145499705862996,0.0,-0.013824858116040395
2020-10-05,0.0004866202388111862,-0.001012793797510958,0.0,0.011541072640868899,-0.018312370365072494,-0.0039291267746606184,0.001600869967719909,0.0
2020-10-06,0.011645674168903497,0.007807583844128052,0.008846153846153948,0.007718120805369155,-0.017816114385334925,-0.006794685072926132,0.012778417954363297,0.009346167437393804
2020-10-07,0.0052750223383362105,-0.0010117478377504874,-0.014487228364468141,-0.009324009324009341,0.005547490118367637,0.006398540229504368,-0.015771487780334992,-0.013888856579905351
2020-10-08,0.01335974300203957,0.00370964101555038,0.000773694390715729,0.0131092436974789,-0.00764038549696755,-0.005481222623806237,0.011217961695752399,0.009390042379628483
2020-10-12,0.008005449761127714,-0.0006688423261873577,0.02241979126401228,0.01857996018579966,0.00042743892402197226,0.0019825511432010057,0.0,-0.004651929130821908
2020-10-13,0.0004637911614653323,-0.0010097047046470076,-0.007561436672967825,0.008143322475570036,0.002138935256075225,0.0028613548950786605,-0.004754935623176748,0.0046736707157724044
2020-10-14,-0.0037350993377482933,0.001010725238675736,-0.011047619047618973,-0.0025848142164781596,0.006397813727229584,0.009218231680298894,-0.0015932215664264948,0.0
2020-10-15,-0.009368324957678587,-0.0016847644214680324,0.0030816640986131016,-0.009394233884029934,0.008904208712126271,0.0023910457413578445,-0.003189513090503082,-0.009302689728830194
2020-10-16,-0.004258745638364481,-0.004375065019130098,0.004992319508448695,0.003597122302158473,-0.0010510420442898516,-0.0021693001121644295,-0.006399437269950736,0.0
2020-10-19,0.012826387765737524,0.0027050717192296236,-0.004585403133358867,0.0029325513196480912,-0.00946410948604004,0.001088491060730279,0.0032203269150570257,0.004694431437121116
2020-10-20,-0.005628917287296531,0.0,0.00038387715930898736,-0.016894087069525665,-0.0029731076090996345,-0.00477882031576371,0.0032099896988329046,-0.004672496721621289
2020-10-21,-0.00047284698493132993,-0.0016846614756708123,0.007290867229470477,0.004626569729015095,-0.015544329095653175,-0.008808697360665252,-0.008000307237670645,0.004694431437121116
2020-10-22,0.0014192120249210127,0.0,-0.0019047619047619646,-0.011842105263157876,0.002811545866866494,-0.0011112479314271395,0.016129656684454874,0.0
2020-10-23,0.0,0.0013511632761942227,-0.004961832061068705,0.009320905459387463,-0.00819676520994006,-0.005784917721271543,-0.0063486461502056946,0.0046736707157724044
2020-10-26,0.0,0.0020211145665027797,-0.0030686612965095117,-0.004287598944590965,0.008264507436976709,0.0033568717584262497,0.0,0.009301521196016793
2020-10-27,-0.005655433048407765,0.0,0.0053866871873797795,-0.0076184166942696585,0.004530848329048709,0.004237811770024802,-0.011182124744966493,0.0046090578812458816
2020-10-28,-0.004741906712621535,0.0035601585888824783,-0.001530807500956688,-0.009679572763684918,0.005582035123636642,0.004661130136472291,-0.0032307309248094107,-0.004587911929608168
2020-10-29,-0.010952044276520967,-0.007446355144492767,-0.012265235722499046,-0.020559487698011525,-0.003629124185501431,-0.006187002216685444,-0.008104029697030501,-0.009215800234794624
2020-10-30,-0.008186607293274473,-0.006434618129493086,-0.005820721769499326,-0.012044046799724595,-0.001072216295027184,-0.005561183540099157,0.001632809774565036,-0.004651929130821908
2020-11-02,0.0038837803965494633,-0.002879000233590223,0.004683840749414525,0.0017415534656914922,-0.011370234436176019,-0.006039665913975423,-0.0016301480528901902,0.023364831596409008
2020-11-03,0.011606265005144722,0.010465776851130482,0.006604506604506621,0.01425591098748269,0.0054231717337716034,0.00382585952587311,0.017973292929376328,0.0
2020-11-04,0.014818297297175098,0.0014258059281069269,0.0030876109610189495,0.02296880356530684,0.006045048472928638,0.008967713202836958,0.0032099896988329046,0.0
2020-11-05,-0.0009399040496055333,0.0024945016784352347,0.0038476337052713028,0.01608579088471851,0.015019150148886329,0.01688421267562079,0.001600869967719909,0.004565817172290654
2020-11-06,0.006126270733012307,0.002488294623320675,0.016864699118436244,0.004287598944590965,-0.0052847992484773565,0.0063368137579136175,0.0031946044885908798,-0.004545065235389778
2020-11-09,0.013121859129463731,0.007452114119855802,0.011307953260459858,0.022331691297208467,-0.012749321381558931,-0.003474158015504658,0.007962084545348525,0.004565817172290654
2020-11-10,-0.009251361459221896,-0.00387570311428187,-0.04174431606410722,-0.010279473176999732,-0.0152840644923391,-0.00544729666860988,0.01579838104513609,0.0
2020-11-11,0.015408388520971261,0.007425770983254809,0.0,0.0025965595585848433,-0.013768363697541086,-0.0043817057862202136,0.012440567409328418,0.0
2020-11-12,0.0004608896038957866,-0.0035089318264672764,-0.00583430571761967,0.0022661055357720006,0.00819915697258522,0.0015403463697782893,0.036866985437948196,0.0
2020-11-13,0.004133057506432225,0.004578817396076129,0.00391236306729259,-0.004198966408268778,0.014510195616103339,0.0046139320558422625,0.013333083790308953,0.0
2020-11-16,0.03249555285288275,0.00946300437585701,0.0074045206547155296,0.02108336036328251,-0.0008688658207554045,-0.0006561059226858346,-0.005847434775060334,-0.004545065235389778
2020-11-17,0.007092703988597959,0.00034385569334838273,-0.004255319148936287,-0.0015883100381194337,-0.00522580540942208,0.0002188455600966588,-0.0014713860010254765,0.004565817172290654
2020-11-18,0.006601539249189381,0.0031274477209077833,-0.0038850038850037905,-0.0019090041361755627,0.010728446351002008,0.009845895473844957,0.0058904955756164945,0.0
2020-11-19,-0.0017491409361005683,-0.00138751572892315,-0.0058502340093604666,-0.007969397513547971,0.004115689157020208,0.003463702853528927,0.0014649250335712072,0.0
2020-11-20,-0.0013131187606145733,0.0006919091630148699,0.0007846214201649993,-0.0003213367609254947,0.0069042577589562,0.01014807790502581,-0.004386499554885681,-0.004545065235389778
2020-11-23,0.01271708427868079,0.009005463989386842,0.001960015680125382,0.00032144005143042165,0.002786201416936862,0.005343685641083562,0.005873197553514453,0.009132781534825885
2020-11-24,-0.00476328949577931,-0.0010306751200597208,-0.02699530516431914,0.010282776349614497,-0.007907518481249265,-0.004677448549502694,-0.013138457282493299,-0.009050128686668324
2020-11-25,-0.00826762580453999,-0.0034354103809626224,-0.010052271813429825,0.0073155216284988,-0.008183519552328988,-0.0019224940463303808,-0.008874960054270131,-0.004565817172290765
2020-11-26,0.007896691522779165,0.00482951206818405,0.0036555645816409577,0.00031575623618551596,0.00043483045638414985,-0.0019261971488809815,0.0,0.0045867594774782194
2020-11-27,-0.0017415290872411227,0.005831049923143761,-0.002428166734115833,-0.0028409090909090606,0.0026024828222719343,0.0006433048482581416,-0.010447778079464287,0.0
2020-11-30,-0.011774798219963967,0.0010243462179475582,-0.022312373225152005,-0.002532446976891367,0.005847076862969702,0.006643209822915219,-0.019607058541074696,-0.009132781534825773
2020-12-01,0.008826769944743962,0.0,0.010373443983402453,0.010155506188511465,0.00043099319988493257,0.0031932429827765674,0.01692253571768698,0.0046090578812458816
2020-12-02,0.00962656219619662,0.0030643626789388367,0.01355236139630378,0.0003141690229344629,-0.013769884958435119,-0.0031830786392481603,-0.012103710046098448,0.0
2020-12-03,0.0,0.0003363809817913399,0.01296596434359798,0.0028266331658290955,-0.010036132233187667,-0.0038318915793320585,0.0061269696940384755,-0.004587911929608168
2020-12-04,0.01646356953788919,0.007811337188469825,0.0016000000000000458,-0.006576886940181659,-0.0011004036629277403,-0.00299182446422952,0.00913160353957787,0.009216957998642972
2020-12-07,0.009376310103518248,0.005726944535608958,0.0003993610223642641,0.0050441361916770955,-0.011029792710793074,-0.006644633748598805,-0.010558086625470864,-0.009132781534825773
2020-12-08,0.01393781100488023,0.0016751238667078727,0.015968063872255467,-0.0025094102885820924,0.005351692496877503,0.0019419910365159332,-0.0030485104088431303,0.009216957998642972
2020-12-09,0.0,0.008030405863987955,-0.0066797642436148275,0.004716981132075526,-0.0015522584537751571,-0.004734978013055446,0.0,-0.009132781534825773
2020-12-10,-0.012080129821023466,-0.006636000301636358,-0.009889240506329111,-0.009702660406885721,0.003776808473235471,-0.006491493803839954,0.0015279502865630512,0.0
2020-12-11,0.0012638495181822584,-0.004343299606337503,-0.0015980823012385903,-0.00284450063211128,0.0057574588371793745,0.006533908631234375,-0.00610633430926677,0.0
2020-12-14,-0.004208841354156001,0.00033765201148017177,-0.0024009603841536054,0.0041204437400950145,-0.0026418677542491276,-0.0006491493803839621,-0.0015349923929579568,0.0
2020-12-15,-0.010148711817371092,-0.01039834933009598,0.0,-0.009469696969697017,0.004192900712547409,0.001729263468358333,0.0,0.0046090578812458816
2020-12-16,0.018796734304747043,0.009825441622243192,0.011231448054552784,0.012109623964308591,-0.006593155831560726,-0.002807027792788186,0.010769239739485847,0.0045867594774782194
2020-12-17,-0.005452108677377887,-0.004696037786215745,0.00634668782229264,0.0031486146095718315,-0.0008860157185750506,0.0013005500975411532,0.01978610242624934,0.0
2020-12-18,-0.0033729233198177555,-0.001685851437078889,0.009065825778478587,0.0,0.0006651010789415768,0.0002164768106531767,-0.007462967991070157,0.0
2020-12-21,0.0097289728972898,-0.000339932781033947,0.008984374999999822,0.0,-0.0028774538362859037,0.0002164299585858398,0.00451182954213003,0.0
2020-12-22,-0.011311096760390882,-0.005742429810176253,-0.012388695315524445,-0.007219083490269895,0.002219180411961119,0.0,-0.01047905607174393,-0.004565817172290765
2020-12-23,0.0012702763351926105,-0.0003364960282435936,-0.005488043904351203,0.0022130888397091653,0.0028793676339369245,0.0030264396788173276,-0.0030254497083490595,-0.004587911929608168
2020-12-24,0.005502883510959844,0.0020362103311462043,0.004729996058336461,0.002523659305993853,-0.008168445184356221,-0.0032330382104885924,0.0015163569093925577,-0.004607900117397423
2020-12-25,0.0012617216729553515,0.0010187897878715102,-0.0007846214201647772,0.0006293266205159576,0.0028947462556785375,0.0019449448981023743,0.004546011377470016,0.004629231152166957
2020-12-28,0.00882887251998521,0.008131020558608926,0.010600706713780994,0.0062893081761006275,-0.002664149763079937,0.0,0.009048971915603943,0.009216957998642972
2020-12-29,-0.0008353626340718012,-0.0026848421018166313,-0.010101010101010055,0.009062499999999973,0.00022283478863704964,0.0,0.0,-0.004565817172290765
2020-12-30,0.014181488346413307,0.003704331934405447,0.004317111459968492,-0.002787240631774379,0.00022003471047571388,0.0010800491568319082,0.01345267769468994,0.009173518954956217
2020-12-31,0.005342852476610371,0.005707712771757079,0.0015631105900741904,-0.0018633540372671176,0.0011136806733780258,0.002157767818350864,-0.004423459614968928,-0.009090130470779556
2021-01-04,0.01718109383460975,-0.00033065377297636367,0.016387046429964913,0.005289359054138298,-0.00022248835369598208,0.0006459365643740611,0.0014804139918773718,0.0
2021-01-05,0.002007741974735744,0.00267321686132882,0.010364683301343547,-0.014546580006190135,-0.0017775555451766678,-0.007097807850332538,-0.008874960054270131,0.0045867594774782194
2021-01-06,0.01083450343440484,-0.0006705783738474302,0.001519756838905817,0.0003140703517587884,-0.015809058282140964,-0.015386507666896976,-0.013432588167858417,0.0
2021-01-07,0.02342274698252389,0.007332608189792866,-0.01365705614567525,0.01098901098901095,-0.017195574845074835,-0.010561725567644453,0.007564579877223698,-0.004565817172290765
2021-01-08,0.01784273158134142,0.00794537621007163,-0.0050000000000000044,0.014285714285714013,-0.0069058140295865655,0.0028918154408514862,0.016515992458069784,0.009173518954956217
2021-01-11,0.008386552683552706,0.004924716855429834,-0.03942790877464242,-0.004898958971218503,0.0020858642583720943,-0.00133083551892077,-0.005907895792630291,0.009091272446969612
2021-01-12,-0.0015118211547741067,-0.008496465109865348,0.009657947686116719,-0.003076923076923088,-0.0034682510636352415,-0.0017768120030855483,-0.004458193408631406,0.0
2021-01-13,0.024222184041349903,0.01120638469726698,0.003985651654045519,0.0018518518518519933,0.001159150835937206,0.0,0.0,0.004504117079883629
2021-01-14,-0.009236769542075751,0.0074903989589614195,-0.008733624454148603,0.0024645717806530687,0.007883989854843954,0.011121835057683827,-0.0029848100883942408,0.004485047588146163
2021-01-15,0.0033545446849339022,-0.004200401138308663,0.004405286343612369,-0.008912108174554345,0.00023031909146231655,-0.00044009896279384453,-0.011976874589849196,-0.00892892192324557
2021-01-18,-0.0007417902104785989,-0.005847367366522915,-0.011562998405103664,-0.002480620155038693,0.0004605321135866536,0.0033021955137741976,0.021212167614789168,0.0
2021-01-19,0.02641115129680971,0.004248232554932674,0.004437273093989447,0.008703761268262333,-0.0057483185528899305,-0.0015507783543365905,-0.004451583639164869,0.0
2021-01-20,0.0018132397349721607,-0.015944019012410826,0.004417670682731023,0.002157164869029282,0.003006521751556024,0.005102055968187802,-0.0417269925424979,-0.01801760000724284
2021-01-21,0.03473134614331852,0.0016529723985811984,0.01159536185525778,0.014452644526445235,0.0004615936949721178,-0.0008834522595989602,0.02799324138473014,-0.004587911929608168
2021-01-22,-0.017865704658706516,0.00759219670058231,-0.004743083003952653,-0.004243710215216745,-0.006222943722943741,-0.009052302851431104,0.009076349125046734,0.0
2021-01-25,-0.013457006262204696,0.009826860084230393,-0.004368546465448708,0.0033485540334854402,0.003247023084528511,-0.001116134712087935,0.0,0.0046090578812458816
2021-01-26,-0.020281684372899123,-0.004865616311399479,0.0011966493817312518,-0.00455097087378642,0.012249048756241665,0.004908712292096773,0.004498302009367849,-0.004587911929608168
2021-01-27,0.0015048070224328303,0.008799873002434122,-0.005577689243027928,-0.0009143553794574988,-0.0006857510526138144,0.0006659650249440929,0.0029848100883940187,0.0046090578812458816
2021-01-28,-0.020291326970700352,-0.007432740777264302,-0.004407051282051211,-0.024100061012812812,0.005026644037355421,0.00022283096340225406,0.010416686249259843,0.0
2021-01-29,-0.016494010891869415,-0.014971515542261615,0.0024144869215290132,-0.002188183807439681,-0.004546310267411813,-0.002441683276251827,0.0014735541679999908,-0.009174671407086499
2021-02-01,0.01988939905859266,-0.0003326305172404176,0.009634684865515775,-0.0003132832080201542,-0.009362783148684106,-0.006670021528685677,0.0,0.009259625427738838
2021-02-02,0.028296678016011656,0.008264861992905104,-0.003578528827037797,0.015355687872140367,-0.0036899002159802574,0.00044965241868033523,-0.005883686193494664,0.0
2021-02-03,-0.0007434509201925676,0.00033001367959939465,-0.007980845969672745,0.01141975308641996,-0.003700706108452856,-0.005594158344344957,0.007396734448263054,0.0
2021-02-04,-0.005952032405509677,0.0,-0.01045856798069178,-0.005187671650900283,-0.010684073496780688,-0.0024738304296207936,0.005873197553514453,-0.009174671407086499
2021-02-05,0.009359201366630598,0.0013089771354686253,-0.012195121951219523,0.015337423312883347,0.002347329296352507,0.0011267078081154125,0.002921296509751592,0.004629231152166957
2021-02-17,0.0426545002643377,0.014730655386626434,-0.004938271604938316,0.013897280966767456,-0.02459068593395397,-0.009462142378690919,0.001454554816121112,0.0
2021-02-18,-0.001422367385642609,0.0041947934286807875,-0.004549214226633569,-0.00476758045292025,0.0004807678039890906,0.0009107801029577534,-0.001452442159383116,0.0
2021-02-19,-0.010686247679590699,-0.00032333430681297237,-0.007893643539676032,-0.004191616766467066,-0.00719915283145911,0.0006817026741614551,-0.004367342210224501,0.0046090578812458816
2021-02-22,-0.0003599448084626866,0.012212426313318314,0.009212730318258089,-0.0015033072760071153,-0.020062982527427886,-0.01226228889976999,0.0014609352201744308,-0.004587911929608168
2021-02-23,-0.0021637805146397238,0.009524251279434903,0.013692946058091238,-0.0006022282445047322,0.0022196407718739763,-0.010804203447861704,0.007299552768684547,0.009216957998642972
2021-02-24,-0.014801746806598182,0.0,-0.0012279983626688473,-0.009340162699608134,-0.0029509383679789947,-0.007436066635125416,0.0014500634402754287,0.0
2021-02-25,0.008061480232924856,0.006601013891228691,-0.006557377049180357,0.01338199513381988,-0.006453305831774725,-0.004917163975502015,0.011576397458750387,0.009132781534825885
2021-02-26,-0.030167947354963864,-0.0034335504026939967,-0.016089108910890992,-0.025510204081632737,-0.01273861877502891,-0.008234719442825056,-0.03862593460773134,-0.009050128686668324
2021-03-02,0.0003746500664312258,0.0,-0.030188679245283123,0.016938712657838195,0.017456979681220286,0.01637104308202675,0.01190558996869906,0.0
2021-03-03,0.01460934817963988,0.0009414997837093875,0.01080847384349326,0.0,-0.008205742797045446,-0.002801278083125358,0.01617595695824381,0.0
2021-03-04,-0.019570046823199738,-0.004072605247101846,-0.010692899914456766,-0.021199273167777144,-0.00977793122156323,-0.011938875964860651,-0.008684126331185205,0.0
2021-03-05,-0.006027246360644667,0.0,-0.014267185473411104,-0.008044554455445496,-0.010123524430940889,-0.010899571632555838,-0.0014588040020285797,0.004565817172290654
2021-03-08,-0.000757535904045481,0.006289597149260473,0.01008771929824559,0.024953212726138485,0.00920498144537385,-0.0007186051361018908,0.005847434775060334,0.0
2021-03-09,-0.0037905509987049557,0.0,-0.009552757273122103,0.014303104077906248,0.014191027306976967,0.006712874529280155,0.018896437752478956,0.0045462072115796115
2021-03-10,0.004185471341147551,0.003125142686100757,0.013590530469092643,0.0006000600060007688,0.006498474471595461,0.005953785612694551,0.0014255051893072856,0.0
2021-03-11,0.021229567725162823,0.007161389188123035,0.010813148788927363,0.011394302848575677,-0.005958922509585518,0.0,-0.005697503248260571,0.004524495939321804
2021-03-12,0.004081380248593058,0.003093254595943451,-0.007274283269148585,0.007708271568336977,-0.009489472520452957,-0.00047551268192314033,0.0028650754005312695,0.0
2021-03-15,-0.002586684732401312,0.009561521633568493,0.0034482758620690834,0.0026478375992937675,-0.014373678433901582,-0.016102176029736848,-0.0042862376578913786,-0.0045041170798837404
2021-03-16,0.0033343624575485897,0.007636275282765448,0.005584192439862523,0.007335680751173745,0.007930216610359198,0.006978873194035229,-0.0057383764345941835,0.0
2021-03-17,-0.00849624934183979,-0.001215497345098071,0.0,-0.0014564520827263783,0.0,0.00239126468130868,0.0014437853426620961,0.0
2021-03-18,0.005217295351331197,0.01760428060425112,0.009397693293464293,0.003500583430571691,-0.01370393141480375,-0.0061986242311599105,0.010086465823245572,0.004524495939321804
2021-03-19,-0.01556721896332891,0.002086813373036067,-0.010156580617858624,-0.009302325581395321,0.0072050577796904935,0.005276468301022241,-0.022826104586306184,-0.009009365847475803
2021-03-22,0.004519604700110147,0.0,0.005130397605814574,-0.0002934272300468832,0.00919558285292399,0.00549171288378858,0.007299552768684547,0.0045462072115796115
2021-03-23,0.001498600265724015,0.0017877332508720034,-0.004253509145044743,0.00528324038743766,0.0,0.00355742911369461,-0.0014482325520932537,0.004524495939321804
2021-03-24,-0.015718684729183474,-0.000299031523710247,-0.00128150363092705,-0.004087591240875876,0.017470239577626057,0.007333561418180867,-0.005806832516795368,0.0
2021-03-25,0.003420571995650379,0.00029912097030981855,0.0029940119760478723,0.0,-0.0027383094075459358,0.004695160493982442,0.017518557794273804,0.004504117079883629
2021-03-26,0.018187875918424634,0.004157502797391688,-0.005970149253731405,0.009088243916740124,-0.0022457501020097803,0.00023475647927884147,0.021521630380407553,0.0
2021-03-29,0.008187489020773597,0.01597517747528787,0.0,0.0020337013364322143,-0.002250804847225063,-0.00023470138160885945,0.007022736063648116,0.004485047588146163
2021-03-30,0.003324245468025122,0.00757360866851986,-0.011154011154011045,0.00753841693244417,-0.014533799713392082,-0.0074777763866282765,0.018130369514197664,-0.0044650217531014835
2021-03-31,-0.008461850165661589,0.0008680311177424738,-0.014750542299349245,-0.004604316546762521,0.006864330188354639,0.0037686342406439977,0.0,0.0
2021-04-01,0.007421373280308785,-0.0005766228652062111,0.01805372082782908,0.004625614339404338,0.0015156974071635076,0.00867773009180417,-0.006849575838545063,0.0
2021-04-06,0.013993666204188182,0.0037525564290674662,0.01384083044982698,0.02302158273381294,0.008574919677967863,0.006977149834292762,0.005518498382959702,0.004485047588146163
2021-04-07,0.0010926132619717421,-0.0008598613006336464,0.0008532423208191808,-0.0011251758087200692,-0.0017496010356163882,0.0,0.0013707532210966988,0.0
2021-04-08,0.0032641876303407535,0.0011505865184935349,0.0004262574595055302,0.004787383835539227,-0.003757916266233008,0.0,0.0,-0.00892892192324557
2021-04-09,-0.002169044917305185,-0.0014389161410887086,0.005965061780996983,0.0,0.006285788490792532,0.002078641953923377,-0.0027394842224398586,0.009009365847475692
2021-04-12,-0.005800047634861971,-0.0002900693359283446,-0.008470986869970276,0.006165919282511201,0.0014994116038480332,0.0009229534510433179,-0.004121382077280633,-0.00892892192324557
2021-04-13,0.0,-0.006341257955821633,-0.004698846646732147,0.00027855153203337757,-0.004740005338258579,-0.0013816116129389266,0.002758377941340484,0.009009365847475692
2021-04-14,0.005469477548486257,-0.0034805133639468355,0.007725321888411907,0.004734057365636257,0.005015351228714771,-0.0013835231045270513,0.0041270541869180555,0.008927800340288172
2021-04-15,0.00833912205991405,0.00436701861181743,0.0,-0.0030487804878048808,-0.0014967901825286845,0.0018462223569177816,0.0013706073936654573,0.008849911678748601
2021-04-16,0.001437709249928476,0.01275234106630263,0.01192504258943794,0.004726160689463521,0.0034956979569520374,0.004840103716508226,0.0013670032040757896,0.0
2021-04-19,0.0017945565119137363,0.007443546138834911,0.007575757575757569,-0.0011068068622025473,0.0007469060031040087,-0.003440564252537248,0.02049258839305579,0.004385587944261138
2021-04-20,-0.0017913418477358833,0.003694274566234057,-0.005012531328320802,-0.006371191135734144,-0.011938518008717702,-0.011852358758107195,0.014725107093993994,0.004367535639134612
2021-04-21,-0.008976105812369073,0.00566116632892677,0.006297229219143441,-0.010872595483691128,0.005538322467200318,0.0009420925059973051,-0.014511424809586448,-0.004348543221635914
2021-04-22,-0.0007243242155670071,-0.0036599575061114775,0.005006257822277815,0.010146561443066693,0.006259024478850739,0.0021130381936327325,0.017402245549236195,0.0
2021-04-23,0.009063971301339402,-0.0028249883056490344,-0.004151100041511091,-0.004743303571428603,-0.0012452423786268874,0.0018753323816720346,-0.005262694213529762,-0.004366438544023077
2021-04-26,0.014732585286038269,0.019545801561824616,-0.002917882451021092,0.004765909728062789,-0.004981053005633673,-0.0028061810483444027,-0.0013234696963874137,0.0
2021-04-27,0.00035395445785968427,-0.00027967233228676225,0.0,0.0002790178571427937,-0.0035066546391594455,0.0,-0.003972324244731373,0.0
2021-04-28,-0.0060183729097865735,0.0,-0.005434782608695787,0.0,-0.009043105365925896,-0.005397799789566782,0.007978013006059603,0.0
2021-04-29,0.0014238863527744616,0.0038939474610377722,0.008827238335435084,0.0016736401673638213,0.0,-0.004719756625812144,-0.00923484608589853,0.0
2021-05-03,-0.016713458645874146,-0.005816017870546419,-0.00666666666666671,-0.000556947925368867,-0.0010163837316248259,0.003317610062893106,-0.007988641964509435,-0.008772277795041084
2021-05-04,-0.008679526960759687,-0.01698501322362611,0.005872483221476488,-0.00390080802451942,0.005583314347775925,0.0009465452664900731,-0.0053703452485925895,-0.0044244000102272585
2021-05-05,-0.009484866084090826,0.0014164957367157616,-0.0029190992493745016,-0.00391608391608389,0.005555417618432923,0.002126147227084374,-0.014844353366191942,-0.004444062319599484
2021-05-06,0.008839360893412973,-0.0014144921146657108,0.006273525721455453,0.0019657399606851644,0.0012530941549020458,0.0018841630316588365,0.023288211738075493,0.008927800340288172
2021-05-07,0.01788876123538552,0.01189764438598595,0.016209476309226867,0.006446188340807124,0.0007521485555048724,0.0016435929503273439,-0.0013394148177837684,0.0044255116685214535
2021-05-10,-0.006815299733761826,0.004476764004090361,0.006543967280163709,0.0025062656641605674,-0.013275917301200035,-0.007039973098024066,0.00804388063897199,0.004404906047116963
2021-05-11,-0.037559203291652854,-0.03288538980136646,0.001219016659894434,-0.013333333333333197,-0.002793923917861818,-0.0028378357191012338,-0.006649184139394304,0.004385587944261138
2021-05-12,-0.028891034367793722,-0.0345837505029426,-0.0032467532467532756,-0.0033783783783785104,-0.0027986213502877444,-0.0042672955974842885,-0.02811249055052989,-0.017466851271204176
2021-05-13,-0.014683951721054966,-0.0029852192876181904,-0.006514657980456029,-0.016949152542372947,-0.008679983299272664,-0.007857429344719447,0.0013764181805526743,-0.013333303557371279
2021-05-14,0.011371266591414741,0.007485393760875647,0.0024590163934428144,0.015517241379310542,0.0012856889519419212,0.004319523801944891,0.020633533227564893,0.022522848774835014
2021-05-17,-0.018998607582217386,-0.026742379652054615,0.017170891251022002,0.012733446519524572,0.00771687909168528,0.007407008291285155,-0.0215631358060423,-0.008810918854547434
2021-05-18,0.04584830149474306,0.03847202462685462,0.008038585209003246,-0.0025146689019278634,-0.005646047139315158,0.0007110294510914716,0.019283775318438057,0.008889241237771905
2021-05-19,-0.006799794327208564,0.0026444923911175255,-0.0011961722488037507,-0.019327731092437128,-0.0030962879263708443,-0.007583117189342237,-0.008109095502951691,-0.008810918854547434
2021-05-20,-0.006849869870081404,-0.007036553897717623,0.0043912175648701535,0.00571265352756356,0.0005160677536804048,-0.003582934965453588,0.014987642251795164,0.008889241237771905
2021-05-21,0.014177204416990108,0.0041329446511451096,0.0,0.011928429423459397,0.005952286773012627,0.00814861444940429,0.0067116597707386205,0.008809812094233926
2021-05-24,-0.0015139860139861128,0.001470658453898599,0.0051669316375198004,-0.0005613247263542842,0.001286592386141372,0.0016651161323892882,-0.018666684633757757,-0.013100412727180988
2021-05-25,0.017025776787934266,0.008515385862361669,-0.004349545274812128,0.005616399887672152,0.0025698783863172814,0.004747767006797465,-0.005436013978811993,0.008849911678748601
2021-05-26,0.0007471705649229055,-0.0005814942985192806,0.01429706115965046,-0.0008377548170902527,0.006408227600189331,0.0030708392478324686,-0.005463999903353112,-0.008772277795041084
2021-05-27,-0.0070635756212023,-0.0011636652617537102,-0.0035238841033672363,-0.0019564002235885614,-0.0005106393578397928,-0.0014120102089586473,-0.010989773766492017,-0.008848800020454406
2021-05-28,0.01684725547743704,0.007875731098008654,-0.003929273084479323,0.003640436852422324,-0.005604326452794739,-0.0025965169133358446,0.011111890933974244,0.008927800340288172
2021-05-31,0.009572166090201284,0.005788984014510001,0.007100591715976323,-0.005301339285714413,-0.00358705901886891,-0.0044914358480564465,0.010989773766491906,0.0044255116685214535
2021-06-01,0.004377852185888154,0.00891847699135706,0.0019584802193497453,-0.001683029453015239,-0.0007734438372876129,-0.002851318695513805,0.006792013676715891,0.0
2021-06-02,0.0,-0.0028523932783537376,-0.006254886630179701,0.0011239112110144056,0.0028318628623211772,0.0014281561619251537,0.005399341576975969,0.004404906047116963
2021-06-03,-0.0007292622353063383,-0.0002832690173353303,0.0043273013375295655,0.0014033118158853775,0.00154057581766609,0.003331818870210501,-0.0053703452485925895,0.0
2021-06-04,-0.004721803702109284,-0.00515138283739458,-0.019976498237367912,-0.0030829596412556004,-0.0010244264621573906,-0.0026069182389937273,-0.006746193438615045,0.0
2021-06-07,0.002554571872676714,-0.0014380897685515315,0.009192645883293382,0.009839752600506069,0.006667168429107306,0.007128646692162954,-0.008153162740561215,0.0
2021-06-08,-0.00582751368404022,-0.002015290019404925,0.005940594059405946,0.0,0.002803720849091196,0.0011802198903052563,0.005478968444879717,0.004385587944261138
2021-06-09,-0.007326243274671462,-0.005772276207164806,-0.0019685039370077595,0.00111358574610243,0.006859230449018705,0.006366299885244064,-0.001361417664351161,-0.004366438544023077
2021-06-10,0.015498316291332914,0.004354341617892388,-0.0035502958579881616,-0.0016685205784204848,0.007065502452870964,0.002575774052727242,-0.0027282707795823757,0.004385587944261138
2021-06-11,0.0036355198019801804,-0.0014451545095389706,0.0063341250989708,0.001392757660167332,0.0017524509803921173,0.003737518362185943,0.006840200609016467,0.0
2021-06-15,0.00543185054871409,0.0028944920072548896,-0.017702596380802627,0.006954102920723182,-0.004000342536975676,0.0007008768679757083,0.0,0.0
2021-06-16,-0.0010831672476886434,0.003752916592483002,-0.002402883460152161,-0.005801104972375737,-0.007787167141593776,-0.0025608826714633715,0.006792013676715891,0.004367535639134612
2021-06-17,-0.002882680893230738,0.003449483044320356,-0.020875150541950993,-0.003056404556821324,0.0022777351390161904,0.0025674576292158413,-0.012145535015591014,-0.004348543221635914
2021-06-18,-0.0021682610746944775,0.0002884069701452052,-0.01927019270192698,0.005295429208472591,0.021972185855791304,0.018608052279031506,0.006830862797685411,-0.008732877088046154
2021-06-21,-0.023912759172258435,-0.010314551981993603,-0.0071070234113712605,-0.014416412531189415,0.0303915644449817,0.017810733693182756,-0.014924912622324427,0.0
2021-06-22,0.0011131037041618441,-0.0034724506385739318,0.006736842105263152,0.018846694796061936,-0.02517893847917707,-0.013909969108797715,-0.0013781582793902514,0.004404906047116963
2021-06-23,0.01631423257218545,0.0005799725573960579,-0.0008364700961940308,0.00662617338487026,0.0036877504120897964,0.0002293688734367194,0.01103525426564067,0.004385587944261138
2021-06-24,-0.0025527087075730703,0.006097963261420647,-0.0029300962745918424,0.0005485463521666123,-0.000979986693758872,0.0006819141874356838,0.0013632736491784314,-0.004366438544023077
2021-06-25,0.0018280297901152043,0.0023044928242217377,0.0,0.00164473684210531,-0.0014699220941289948,0.0004553047526578702,0.0013631387991985822,0.004385587944261138
2021-06-28,0.0018246941947690498,0.01036506720002972,0.004198152812762368,0.003831417624521105,-0.010565971982298916,-0.009089895327564546,0.004082130751937196,-0.004366438544023077
2021-06-29,0.0029141932002159088,-0.008547403864832548,-0.00459866220735794,-0.001908396946564861,0.008690001943256975,0.007795462633181316,-0.004065534707683893,0.0
2021-06-30,0.009813549289711565,0.00574739454557327,-0.008819823603527843,0.003004643540016394,0.0012311637959578903,0.002049229803467112,-0.004082130751936974,0.0
2021-07-01,-0.004679246791135738,0.0,0.007627118644067732,0.0013616557734206225,0.0009831186206274989,0.0013613514726389386,-0.0068308627976853,-0.004385587944261138
2021-07-02,0.0,0.005714550767660809,0.001682085786375076,0.006255099265705555,0.00810651705101817,0.0034017595307915816,0.009628634631458466,0.004404906047116963
2021-07-05,0.009399144072248511,0.01391925173644748,0.005457598656591012,0.004864864864864815,0.001951489835866349,0.004520302392643005,0.006812251726298291,0.004385587944261138
2021-07-06,0.0010740355227305542,0.006163573508005671,0.009185803757828959,0.002958579881656709,-0.001216190498846248,0.00045059293255422794,-0.0013522060960390325,-0.004366438544023077
2021-07-07,-0.005364416040266273,-0.008354619227378568,-0.002896152254861395,-0.0010726736390452851,0.01436495011715233,0.0076446989694720635,0.0013540370331694973,0.0
2021-07-08,-0.0010786696407762975,0.005338573128422119,0.0,0.002953020134228268,0.013683110662377596,0.008255680405413468,0.002706121681453677,0.0
2021-07-09,-0.007922118608480022,-0.01005813584378612,0.0016597510373443924,-0.005085653104925036,-0.007105340876846444,-0.002433818629134832,-0.004047375088014116,0.004385587944261138
2021-07-12,0.009073837047189892,-0.004796152084287519,-0.00041425020712515526,0.008071025020177425,-0.005246121544383642,-0.005768302588672891,-0.012194892318963868,-0.008732877088046154
2021-07-13,0.00827312980657191,-0.01190777572691748,0.004144218814753575,0.004536962903656239,-0.00263835999542672,-0.00022496655102610674,0.013716196896309762,0.008809812094233926
2021-07-14,0.002496244077198728,-0.010616492597803062,0.0016508460586051044,-0.0037194473963868546,-0.006007859597144227,-0.0037927236552262045,-0.009472280629775898,0.0
2021-07-15,0.00925197044902859,0.01450182920800236,0.0090646889163577,0.0008000000000001339,0.012815773988177792,0.006496845196168222,0.0027319999516766114,0.0
2021-07-16,-0.013396645127602635,0.004000612622814481,-0.002449979583503459,-0.0010658140154542473,0.0028670612038736998,0.0017982796753057695,-0.004085974127901015,0.004367535639134612
2021-07-19,-0.011438400344012112,0.0005685784152840156,-0.007367990176013084,-0.009602560682848704,0.008093323590291357,0.0026911037357117973,0.0013670032040757896,0.0
2021-07-20,-0.00795363668911886,-0.016502504019366815,0.003298969072164981,-0.007002423915971057,0.017951154147161308,0.010512112740645563,-0.0095628627493618,0.0
2021-07-21,-0.0010928224500809103,-0.012443630214205248,-0.005343197698314817,0.008950366151342593,-0.007194550751938311,-0.003985396576049793,0.002758377941340484,0.0
2021-07-22,0.006949040370615389,0.0023450395041644256,-0.004545454545454519,0.00725806451612887,-0.014021882938565988,-0.004889232881113426,0.011004898596106427,0.008694901794579657
2021-07-23,0.0,0.007597615838727645,0.0020755500207554345,0.005337603416066372,0.006164395471907946,0.003128751346449077,-0.004082130751936974,-0.008619952157099764
2021-07-26,-0.008718571227373628,0.0008713057812315128,0.0020712510356255542,0.007167507300238851,0.0037675740913032385,0.0046726374214765,-0.0095628627493618,0.0
2021-07-27,-0.00036534128965470813,-0.012465295750788252,-0.00496072757337751,0.0005271481286241997,-0.007745042053942663,-0.004650905426735852,0.01103525426564067,0.0043474508972898285
2021-07-28,-0.015762793310457268,-0.005279685124916056,0.0037390943082675765,-0.005268703898840932,0.008516926849864825,0.004227902989376142,-0.009549809469150516,0.0043286323805631355
2021-07-29,0.016757894157773068,0.006193922961586162,0.006208609271523224,-0.0010593220338982468,-0.004691348820137331,-0.0008857241085944434,0.012396464119161843,0.0043110589871122595
2021-07-30,-0.003297015440176909,-0.005865381868733532,0.00493624023035788,-0.003711558854718966,-0.001414614611153886,0.00044325465563188615,-0.004082130751936974,-0.012875504086605871
2021-08-02,0.013598102779672105,0.0029499937743637794,-0.008595988538681931,0.006652474720596047,0.0023600692440854942,-0.00044305826799195813,0.02049258839305579,0.013043445016215571
2021-08-03,0.003989891382571109,0.004411975361696019,-0.0008257638315442017,-0.002643404705260366,0.009418049726842126,0.004213835377553821,0.004016553273025858,0.004291475275495449
2021-08-04,0.005777687391439024,0.005856793785713688,0.0016528925619834212,-0.00026504108136760074,-0.0023325444124441264,-0.0033133640954458032,0.006665229299384512,0.004273137212797984
2021-08-05,-0.0017966056748872639,-0.00436701861181743,-0.0016501650165016146,-0.003711558854718966,-0.002103626469108666,-0.002438654864781453,-0.002648773917190206,0.004256024289593485
2021-08-06,-0.0014378789790727708,0.0014620577038100269,-0.006611570247933907,0.006386375731772365,-0.004216122084230944,-0.003998422828103032,-0.0013270654238221047,-0.004237987312651903
2021-08-09,-0.0028798989042416734,-0.004379769635493247,-0.03036605657237934,-0.0018508725542041304,-0.014350062128952068,-0.010932038379430797,-0.00797969294141565,0.0
2021-08-10,-0.005419575172008861,-0.009088485379392996,-0.00471900471900466,-0.0005298013245034205,-0.002147807689501735,-0.004737790849363099,0.005363151575499936,0.004256024289593485
2021-08-11,-0.003269464210265083,-0.00887876735035098,-0.0017241379310344307,0.0015902464882058265,-0.009329149351200106,-0.004986743721886233,-0.00800097022291546,0.0
2021-08-12,-0.0018234484707593257,0.0005962508907406683,0.010362694300518172,0.001587721619476179,0.0014494507732865092,-0.0009101360413872328,-0.0188172408172137,0.0
2021-08-13,-0.009491164386562612,-0.007160436408735982,0.0017094017094019254,0.004491413474240424,0.0026500412687182617,0.0020496715730928816,-0.04383520868882007,-0.004237987312651903
2021-08-16,-0.0022117795978644494,-0.012325919564347587,0.011092150170648463,0.0007890583903207293,0.01683135424047233,0.012287826409406843,0.004298518051965905,0.0
2021-08-17,-0.007390078129529298,-0.010044069404371303,0.0071729957805908295,0.0013140604467807293,-0.0009512409502000496,0.0020236037872409796,-0.001427307345046147,0.0
2021-08-18,0.004095319242503281,0.01660386774797251,0.00041893590280683846,-0.002624671916010568,-0.002141606494276971,-0.004039034169639466,0.0014293474631790204,0.0
2021-08-19,-0.022979853279316842,-0.02268018968885921,-0.006281407035175768,-0.011315789473684168,0.006914253396945957,0.004505357882896188,-0.014265864827506691,-0.008509910410742116
2021-08-20,-0.007967360089654707,-0.0018585306557096226,0.005899705014749346,0.0034602076124568004,0.009473499261188012,0.005157039211179493,-0.0028940993646875413,-0.0042925535356149735
2021-08-23,0.027532522549556182,0.01921876887153262,0.0,0.012732095490716189,-0.004690870493169186,0.0011140689315491947,0.008707498459823437,-0.004309976078549993
2021-08-24,0.0029787263282301524,-0.0024292577432589724,0.008378718056137435,0.006547930853850081,-0.00212141366419738,-0.0008902633305220009,0.014389038446507296,0.0
2021-08-25,0.009646115006628264,0.006092883057231546,-0.004570004154549223,-0.0010408534998698205,-0.004251847255260066,-0.0026761009238849276,0.00141741793401029,-0.010701945383100209
2021-08-26,0.006985652101632933,-0.0003000934717370951,-0.004173622704507607,0.0018233915082053187,-0.006405003981489021,-0.006036648983850479,-0.01133045121392573,0.0
2021-08-27,0.008392687479363614,0.0036366499515276818,0.007544006705783701,-0.0026001040041602197,0.0021487641702284677,0.0024719028033626245,0.010028668853028666,0.0
2021-08-30,0.009772901165063574,0.0054376605801478295,0.008735440931780358,0.002606882168926017,0.0019065611200612675,0.004040856897624678,0.015602348864004911,0.009090619259272126
2021-08-31,0.006091548596727003,0.0027016878233856456,-0.0008247422680411898,0.003900156006240163,0.001188610164785997,-0.0004465243076670067,0.009776556026847016,0.009008724375958899
2021-09-01,0.004630619312445017,0.0003015402872414974,-0.0016508460586049933,-0.0018130018130018133,-0.010450817896375808,-0.00648631173678571,-0.012447908021072762,-0.013391897917955697
2021-09-02,-0.00780106785914203,-0.006889577144301939,-0.0008267879288962332,-0.0031136481577580533,0.004320221849230199,0.001801519310866917,0.0028008726408002005,0.004524193601341153
2021-09-03,0.014296178007707327,0.002413637787874068,-0.0008274720728176366,0.004685059864653729,0.0004795744866370466,0.0006732475631687773,0.005586099328821259,0.0
2021-09-06,0.004580038448902313,-0.005113578088293491,0.009109730848861464,-0.004404145077720245,-0.00883737144849206,-0.006285318028239728,-0.006942957907111524,0.0
2021-09-07,-0.004559157333022479,0.002719659109876149,-0.004924086992203591,0.00130106687483722,-0.00024034375018322507,-0.001357069679737366,-0.011189579714933395,0.0
2021-09-08,-0.008808767130417339,-0.010854026319912169,-0.011546391752577323,0.0,0.0,-0.0018079203563505786,0.002828604102637522,0.0
2021-09-09,-0.0024875866799251023,0.004266503001895572,-0.005006257822277704,-0.005457380457380312,0.004819757487628085,0.004078167356787343,-0.014662620740775179,-0.0045038174592106905
2021-09-10,0.01176160944876714,0.00850168308682564,0.005031446540880502,-0.00026130128037638034,0.003836727548579111,0.006096855446672489,0.017857336607630447,0.0
2021-09-13,-0.003524859363314148,0.005717748477710671,-0.004171881518564735,-0.007841087297438487,-0.0009562424612344911,0.0006723402749517771,0.010233286963751809,0.004524193601341153
2021-09-14,0.0010605457405219454,-0.0014966277284300666,0.0,0.002370916754478314,0.0023943489872748636,0.0031384267199463523,0.004342022654489908,0.0
2021-09-15,-0.006001219150441273,-0.000900295881024693,0.006702974444909859,-0.006044678055190489,0.008826030550081354,0.005140904858008222,0.0,0.0
2021-09-16,-0.004617453185977061,-0.001500221623648934,-0.005826050769870972,0.00819672131147553,-0.0007077303719900119,-0.0013356441633518568,-0.004323251000703854,0.004504906916747986
2021-09-17,0.002853170445634934,0.004209858777043163,-0.017999162829635873,0.0002622606871229838,-0.0021304528075912765,-0.0011120866256951745,0.00723670442414992,-0.0044847037438328075
2021-09-22,-0.023486471214371085,-0.015564126728132899,0.009803921568627416,-0.020188778185631917,0.002371582555308116,0.0026749091761397725,-0.015804617769893725,0.0
2021-09-23,0.005830325091929378,0.005472381497527934,-0.007176023638666207,0.008563018464008643,0.007572835654211074,0.0048914043940824214,0.004378277499059724,0.0
2021-09-24,0.011957641518269169,0.006649882461487122,-0.007653061224489832,0.00451048023348366,-0.022310652265202457,-0.010840139921548753,0.004360958033065021,0.004504906916747986
2021-09-27,0.002505395855850523,0.0,0.003856041131105492,0.006339144215530945,-0.0031234751509873204,-0.0024604693411409695,0.005789363539320025,-0.0044847037438328075
2021-09-28,-0.007144623398888883,-0.006605953646193874,-0.004268032437046543,-0.005511811023622082,-0.006747211133191544,-0.0006718885372278827,-0.011512079465520575,0.0
2021-09-29,-0.021581467632779683,-0.011483929859690045,-0.005572224603514697,-0.013460015835312644,-0.009218711269018631,-0.010096899567696882,-0.00145576885998977,0.004504906916747986
2021-09-30,0.0077213132002214024,0.0021397754973366823,-0.0034482758620688614,0.005617977528090012,0.003916581286187215,0.001358396139295115,-0.00437190220260264,-0.008968322916022675
2021-10-01,-0.022619344321924917,-0.015565705906249061,0.011678200692041507,-0.023144453312051172,0.002438684297187299,-0.004298727338715946,-0.017569736284930415,0.0
2021-10-04,-0.005971784781425127,-0.013018841338218179,0.0055579307396322886,0.016612200435729862,-0.002918118080197818,0.00409021783621788,0.005960110183258482,0.004524193601341153
2021-10-05,-0.001504515279149965,0.00376800509878894,-0.00170068027210879,-0.009911599249933012,0.0029266584150333674,0.00045228672597974473,-0.011851395775048457,-0.0045038174592106905
2021-10-06,0.00037843148827731987,-0.002499187256176816,-0.002981260647359485,0.005681818181818121,-0.013622816960599415,-0.009728691162386838,0.00899651835832671,0.004524193601341153
2021-10-07,0.01766849448184904,0.021642596704214423,0.0017086715079026593,0.012375571697605725,0.0051787353804237934,0.0038834543221075712,0.010400547473262911,0.004504906916747986
2021-10-08,-0.008498419334927121,0.000613093279899557,-0.0008528784648187404,0.006377889981397766,-0.004662519551538402,-0.003413673843060794,0.0,0.0
2021-10-12,-0.010057130278359527,-0.010739993524122693,0.001280409731114096,-0.007921837866384895,-0.00024591393012451945,-0.0027408939577246993,-0.011764243348100556,0.0
2021-10-13,-0.0033875927244931825,-0.0021703115479708712,0.0012787723785165905,0.00026616981634286496,0.010108948669338425,0.005954423673199205,0.0,0.0
2021-10-14,0.002642588202482088,0.00030783516184063053,0.01617709663686684,0.0053219797764769705,0.006105637023442467,0.007514184482056985,0.007439502056080238,-0.008968322916022675
2021-10-15,0.02636666458042125,0.004040984971168227,0.0016757436112273538,0.014557967178401299,0.0031523580700956177,0.006100766605579677,0.0059090876454834795,0.004524193601341153
2021-10-18,-0.0029371809161159446,0.0015475831574716103,-0.014219991635299079,0.002608922515001444,-0.006770395042693611,-0.004265896738729347,0.0,0.0
2021-10-19,0.008096794579938393,0.0012391635896611408,0.002969876962240159,0.00130106687483722,0.0041385112616680875,0.0029588956618675777,-0.00440578158458238,0.004504906916747986
2021-10-20,-0.002554794959166995,-0.0009269698108480551,0.0004230118443315778,0.0031185031185032575,-0.014795343375875514,-0.012486475940476471,-0.005898578856525338,-0.0044847037438328075
2021-10-21,-0.003659537945319813,0.0009278298811374874,0.005919661733615245,0.002072538860103501,-0.005168546728034462,-0.0032179655273572028,-0.005935381508726412,-0.0045038174592106905
2021-10-22,0.002937026887700922,0.007841663535012033,0.0,0.004395036194415836,0.000740479867074928,-0.002075156087174568,0.004478115455211595,0.009049481589136654
2021-10-25,-0.0007304157282853607,0.000651287660335953,0.007145859604876126,0.0002574002574002865,0.006677434782216496,0.004158942629463036,-0.0029721008925330805,-0.0044847037438328075
2021-10-26,0.008429608874269912,0.006155879386498864,0.002921535893155358,0.006690684508491973,-0.0017180436412963518,-0.0016123328478354626,0.002980960608217398,-0.0045038174592106905
2021-10-27,0.0,0.0032195940941186496,-0.009155222638368765,-0.0023006134969324465,0.005165994229410664,0.008068679834303927,-0.0014860504462665958,0.0
2021-10-28,-0.002909425262670462,0.007703212214882793,0.007559848803023961,-0.004099410709710538,0.01787192482000033,0.014176900079802879,0.0,-0.00452528798779539
2021-10-29,-0.009840810419681656,0.0019147450018806023,-0.0037515631513130865,0.004373552868536246,-0.009861454030587802,-0.00608651483165934,-0.008929572472757386,0.004545859310326694
2021-11-01,0.005152852083234238,0.0034955318619922515,-0.005439330543932974,0.009221311475409832,0.009959670867002446,0.0034030887757152684,0.004505014086151782,0.004524193601341153
2021-11-02,-0.001829420875010923,-0.0009522143842670694,0.003786285233487563,-0.002538071065989911,-0.0033671117143893037,-0.004068678827561012,0.007474683256891046,-0.0045038174592106905
2021-11-03,0.0025679159566502907,0.007615249951371306,-0.0067057837384744134,0.006361323155216203,0.005306955105155664,0.005220434780038197,0.001482042405885009,0.0
2021-11-04,-0.003294597873210403,0.0028329295483719985,-0.002953586497890348,0.006321112515802696,-0.013921452409246249,-0.006548998388481886,-0.010369746265271096,0.004524193601341153
2021-11-05,0.014323781885247078,0.0028249267299669256,0.01227253491324598,0.00628140703517599,0.010955659190169387,0.007500925035151207,0.004491524498728472,0.0
2021-11-08,0.007964865018433187,0.013768115942028869,0.012123745819397902,0.001498127340824107,0.01227795269825016,0.011508436680093714,0.004471440912326097,0.004504906916747986
2021-11-09,0.010773546615733487,-0.0012355088071422937,0.0020652622883106098,-0.003490401396160525,0.001666584687674444,-0.0026780838629471004,-0.001483845377181492,0.0
2021-11-10,-0.0014205058050461572,-0.0003080743928564056,0.0012366034624895494,-0.006004503377533221,0.006649470093271548,0.004697775473709198,0.0,0.004483619172189979
2021-11-11,-0.008896539942441883,-0.005874181573370496,0.014820913956360648,-0.0005033979360683505,-0.011796438973299406,-0.010241559337559769,-0.0014860504462665958,0.004464685793013512
2021-11-12,0.0032319013524264584,0.001554720436466317,0.0024340770791075883,0.0012591286829513049,0.0009553289351420524,0.00022551942688786575,0.0014882620787930456,0.0
2021-11-15,0.008947481455783057,0.00714251702299884,0.00040469445568591667,0.006036217303823088,-0.0052478438585141785,-0.008544380708088495,0.010400547473262911,0.004444840974661801
2021-11-16,0.0017749367146642214,0.004935936835137822,0.005258899676375606,-0.0007500000000000284,-0.008915031612346414,-0.007938734705088324,0.008822735745035892,0.00884927340498498
2021-11-17,0.0031872640198753466,0.003679065084637223,-0.007243460764587484,0.005504128096071925,-0.007782914076040037,-0.005257438859201269,-0.002914010989984228,0.004386355728676072
2021-11-18,0.005647158498435889,0.00825458431769599,0.006485610052695545,-0.002985817367504251,0.007843962965818685,0.004366446299294724,0.0014621519394388827,0.004366143482839258
2021-11-19,0.0024561505834168607,-0.0015155952895670177,-0.001208215867901652,0.00524082855003738,-0.000488455098912044,0.0032032372064194625,-0.00438005151749532,-0.01739075570604598
2021-11-22,-0.0024501326885842944,0.0,-0.008467741935483941,-0.0009930486593843213,0.010951451508915744,0.007072144187386664,-0.010265081794580855,-0.004425171789770643
2021-11-23,-0.009477889784292981,-0.009107374831797577,-0.021553477023180223,-0.005964214711729698,-0.00962722880830269,-0.00996596412370887,-0.0059247977359386805,0.008888607018011419
2021-11-24,-0.004252702101489092,-0.0006155581138548305,-0.007481296758104716,0.0,-0.0024316735029918934,-0.005949206822074893,0.005960110183258482,0.0
2021-11-25,-0.0003548103078965248,0.001227172706926627,-0.0012562814070350425,0.006250000000000089,0.001706615419078572,0.0009200486696754329,0.008889897058664609,0.0
2021-11-26,-0.016376363875377997,-0.009190166474911332,0.0012578616352201255,-0.009192546583850825,0.016051340750396603,0.009428567151219314,-0.01027837259100639,-0.004404615150213953
2021-11-29,0.0,-0.004014446319221987,-0.0012562814070350425,-0.007021063189568744,0.004784217873050167,0.003188643091471155,-0.001483845377181492,-0.004425171789770643
2021-11-30,-0.001085877907229249,0.0024792877163428706,-0.002096436058700246,-0.002020202020201922,0.0019080339180410633,-0.0022707852245208437,-0.028233152828461394,-0.00444484097466169
2021-12-01,0.016667112639310533,0.006194757478805046,-0.00588235294117645,-0.005313765182186292,0.003328385344748108,0.002275953425932231,0.02599497195181555,0.008929371586027024
2021-12-02,0.010692372226152047,-0.0009246722367161064,-0.0016906170752324368,-0.013482574408547499,0.00781883918766657,0.0043139005762709015,0.00894107079147588,0.00884927340498498
2021-12-03,-0.0003548119333995903,0.005543724117088811,-0.002963590177815445,0.008251676121712181,0.0025860597439546495,0.0,-0.0029545438227417398,-0.004386355728676072
2021-12-06,-0.0028199650923488306,0.006433586137265523,0.005944798301486198,-0.00358056265984652,0.00820921145600706,0.011982288587679912,-0.002961498716383737,0.004405680611063056
2021-12-07,0.0031838813963360746,0.0051699601054522315,-0.002532714225411681,0.01155030800821355,-0.011398753736258205,-0.006254763802663765,0.017830799704595446,0.0
2021-12-08,0.0038768900245764737,0.004544547239616836,0.0059246720270842435,0.01700076122811467,-0.0011757940168312109,0.0017974870311603386,-0.00146001717249844,0.0
2021-12-09,-0.0024578788311132582,0.004218999824400882,-0.0012620950778292617,-0.0029940119760478723,-0.015782167888974685,-0.013465730767207695,0.007308983084874043,0.004386355728676072
2021-12-10,-0.0003510619624363942,-0.0006028115868670358,-0.005054759898904693,-0.005255255255255276,0.0011960544682625418,0.0006842538670710496,0.0,-0.004367199637527741
2021-12-13,-0.0031704223978148427,0.000902460586415188,0.004657070279424191,0.012578616352201255,-0.0007173538897646825,-0.0011366831939612076,-0.00725594947291186,-0.004386355728676072
2021-12-14,-0.009893820032294331,-0.011399392768423833,0.00042140750105335023,-0.006708074534161557,0.01507235133891216,0.009103813703728703,0.005846831145435161,0.004405680611063056
2021-12-15,0.001426585222817467,0.002731477603744814,-0.009267059814658807,-0.007003501750875274,-0.0011805836760067079,-0.002933808694528528,-0.005812844425604036,0.0
2021-12-16,0.012472240956720615,0.012408986073535022,0.006802721088435382,0.016372795969773257,-0.004482384514360893,-0.004524113880429059,0.0014621519394388827,0.004386355728676072
2021-12-17,-0.001056065716532384,-0.0006004684570709573,0.01224662162162149,-0.011648079306071812,0.00023803378358988603,0.002272337252720469,-0.008760103034990752,0.004366143482839258
2021-12-20,-0.008808767130417339,-0.0005962427533573456,-0.0012515644555693983,-0.016549648946840634,0.011609270213003953,0.0034007781641702817,-0.0044187603131251585,0.0
2021-12-21,0.008532619218740267,-0.0014960853961871745,-0.005847953216374324,0.005864354920958714,-0.011008383830940383,-0.008811466969502635,0.004438372417016501,0.004348214708217446
2021-12-22,0.0,-0.0018016693017612884,-0.0025210084033614466,0.00735107731305451,-0.00307791068900487,0.0,0.0044187603131253805,0.0
2021-12-23,0.005639201725927467,0.0012017459849713585,0.010530749789384952,0.010065425264217387,-0.00047719798541967506,0.004559175786502223,0.0014664402563686618,0.0
2021-12-24,0.0028054076092232094,-0.0014992296902663904,0.00041684035014588616,0.0012456402590930171,-0.0042766998947362245,-0.003855938588637753,0.002928585916455173,0.0
2021-12-27,0.007689254726326533,0.0027035865124656056,0.0004166666666667318,0.0034834535954217927,-0.0019121287307449775,0.003870864404064811,-0.00146001717249844,0.00432834258192849
2021-12-28,0.007976406998488672,0.005392593681386781,-0.0016659725114537283,0.008430448797421386,0.0009578959858080882,0.0013621361604307936,0.0043846792059965,0.0
2021-12-29,0.004472865779082236,0.0014894005847951863,-0.0016687526074259385,0.0,-0.003105123164103163,-0.0022661552080259773,0.010190382019927835,0.004310731270993351
2021-12-30,-0.003083540220433556,-0.0008895741904875187,-0.0033430839949852853,0.0002458814851240554,-0.011986450351792022,-0.007266393006281513,-0.011528669335210462,0.0
2022-01-03,0.006186155700780516,-0.004766883855148785,0.01383647798742138,0.0,0.00849201433632829,0.0036583004394130647,-0.002914010989984228,-0.008583419229806988
2022-01-04,0.0218589400006306,-0.00029821027953780277,-0.011579818031430933,0.0007374631268437515,-0.019003626668529505,-0.015728562820752523,0.005846831145435161,0.0
2022-01-05,-0.0020055352773654667,0.0011977861607510576,0.006276150627615218,-0.004421518054532059,-0.008583627316882003,-0.0013871967768783744,0.0014536526776882663,0.0
2022-01-06,-0.009376941935922645,-0.0011963531854621845,-0.004158004158004269,-0.016777695534172188,-0.009645542041754385,-0.008117314521779218,-0.00725594947291186,0.0
2022-01-07,-0.008788465139504376,-0.007186716964506901,-0.007098121085594933,0.004015056461731392,0.003994911172152893,0.0011691063643228805,-0.005848607757755309,0.0
2022-01-10,0.006479767257339342,0.0030184527771612846,-0.001682085786375187,-0.003249187703074141,-0.007461406259876124,-0.007240603332927975,0.01029348954656828,0.008657732174641275
2022-01-11,0.005083494441003422,-0.002106097544115171,0.008003369839932661,-0.0025075225677031465,0.011026067126793881,0.0,0.0,0.0
2022-01-12,0.008428601219470533,-0.003011102285112477,0.007521938988717114,0.009552538964303636,-0.0002459508098381358,0.0025883801641248816,0.008734613159938176,0.004292228626829431
2022-01-13,0.005012423031219626,0.0030201964054101804,0.004147656574035707,-0.0012450199203186685,-0.0037201711278719296,-0.0011732212255274321,0.007214063390469372,0.004272850551522156
2022-01-14,0.0,-0.0015055511425562385,-0.00041305245766221077,-0.011468461730241852,0.004230933696300454,-0.0004710632570659179,-0.007162393430236169,0.0
2022-01-17,0.01131076503520978,0.0021137248735003666,-0.0049586776859504855,-0.0050441361916770955,-0.014870323224872029,-0.0129266814784893,-0.007215816930428387,-0.004254670978286135
2022-01-18,-0.011184262470315898,0.006923194084822892,0.0,-0.0010139416983524496,-0.0012571379868746568,0.0004836579422213827,-0.007266497103292413,0.004272850551522156
2022-01-19,-0.011974116989487804,-0.007178119112773329,-0.0029069767441859407,-0.015224562293833954,-0.009822895300675816,-0.01418044115550754,0.0,-0.004254670978286135
2022-01-20,0.004040780803183042,0.0045199148649335275,0.014160766347355302,-0.0015459933006957138,0.004832434562064503,0.00487548802031923,0.0,-0.004273884138980333
2022-01-21,-0.022277258374094444,-0.015589954774423709,0.002053388090349051,-0.01806451612903237,0.015190315446397262,0.001213740290859855,-0.007321464791138044,0.004292228626829431
2022-01-24,0.009464131921576469,-0.0036510663728382964,-0.0024590163934425924,-0.00525624178712214,0.0,0.002421413418066898,0.004425278394640131,0.0
2022-01-25,-0.016319911672359577,-0.011616573415431763,0.002875924404272867,-0.017701453104359333,-0.0012491815447005505,-0.004834245533543502,-0.007342969307637337,0.0
2022-01-26,-0.0007046969165525052,0.0018584981249081256,0.0032773453502661365,0.0032275416890801267,0.0,-0.0009709193980299569,0.0,0.004272850551522156
2022-02-07,0.005300122212330338,0.018517379267917633,-0.020416496529195638,0.03217158176943702,-0.0122325175300525,-0.020421663139744584,-0.008874947194333904,0.008511400336339126
2022-02-08,0.0042152039358831495,0.009088036872525906,0.00458524385160497,-0.0031168831168830735,-0.007835964692280872,-0.005459881393197752,0.011939827477382758,-0.004219783898080198
2022-02-09,0.003498979069341157,0.006008729924856349,0.004564315352697079,0.014069828035434995,0.000764507139510151,0.0007465688404046933,0.008850556789280484,0.004237665932547818
2022-02-10,0.011506055404192361,-0.0002974978145352525,0.00330441966129702,0.007194244604316502,0.000508255298176552,0.003990520504072448,0.005846831145435161,0.008438547292194842
2022-02-11,-0.0006881776681674223,-0.0017946745778852913,-0.004940304652120142,-0.022193877551020535,-0.01221348193531513,-0.013413274914485629,0.0,0.0
2022-02-14,-0.015524263283029693,-0.008971160196668326,0.01572196938353332,-0.008087659796503943,0.0030919030788123525,-0.003019088430074035,-0.010173802458668946,0.0041844730245694794
2022-02-15,-0.004554734359915713,-0.0009070882467280272,0.014256619144602745,-0.007890583903208959,-0.0007705931703072544,-0.006313698674741963,-0.002937187723054957,0.0
2022-02-16,0.016543930606430557,0.005137113211043154,-0.014457831325301207,0.015641569459172944,-0.013365175911587146,-0.01219971753541449,0.007364600521875486,0.008333064600649642
2022-02-17,0.0006912752307639547,0.0021014890155721666,0.012632436837815897,-0.0036543983294179405,0.005729882376672046,-0.0018013056978318787,0.0014621519394388827,0.004131599540666997
2022-02-18,-0.002766316579144834,0.004801214100117246,0.007243460764587484,-0.00838354728844648,-0.0005170760446503442,-0.0015453382296737317,-0.013140154552486072,0.004115594969717806
2022-02-21,-0.0020844108013228224,0.008952395772784838,0.0003995205753095643,-0.008190224570673754,0.006217528853660781,0.002582878444947312,0.01331511725104928,0.012295187589829837
2022-02-22,-0.013559694694851854,-0.0091678196375512,0.011182108626198062,-0.018380394246137355,0.014249657235448243,0.0023139541060235302,-0.013140154552486072,0.0
2022-02-23,0.00282117986454522,0.007760136248763816,-0.007898894154818259,0.008955223880596996,-0.00740722534739624,-0.0025669646553807546,0.005917829889355186,0.01619381662152608
2022-02-24,-0.024252315527768853,-0.016591025763337153,0.02507961783439483,-0.03684776761699837,0.007719402504627437,-0.0023178741972119665,-0.01764725855422944,-0.007967877956276515
2022-02-25,-0.002164002069632076,0.004217732956986575,-0.015145631067961185,0.026528902541189447,-0.007405337002727608,-0.0010318199973371467,0.004491524498728472,0.0
2022-03-01,0.0140818429669054,0.01650105805501889,-0.004337539432176629,0.025571273122959814,0.010805625609209057,0.021703928297737596,0.005960110183258482,0.0
2022-03-02,-0.005698592074712128,0.002656505270017817,0.01544554455445546,-0.009549071618037086,0.011963619331592401,0.004301404886448035,0.007408247548887248,-0.00803187495568336
2022-03-03,0.0021508367240008486,0.007361636440777364,-0.005460218408736339,0.013926084627744917,-0.019366841619651187,-0.014355620642739542,0.0,-0.00809690831076304
2022-03-04,-0.01071819317275946,-0.005260210139570343,0.00941176470588223,-0.00898045430533534,0.011796534459515673,0.0035777585968335135,-0.011764243348100556,0.004081008109695583
2022-03-07,-0.032144092181413564,-0.017332474517028573,0.0271950271950272,-0.008262260127931853,0.013942625774802098,0.003565003873576833,-0.014880812450044578,-0.016259651033949885
2022-03-08,-0.02126583814502836,-0.013453243675600302,0.001512859304084735,-0.021768341843590444,-0.007748977628097231,-0.016996277566614593,-0.01208594531587015,0.008264198500671283
2022-03-09,0.01029053188411777,0.010909361235526882,0.035876132930513505,0.003296703296703507,-0.005291181666934319,-0.0018068801203255935,-0.004585817782493229,0.004098726272488529
2022-03-10,0.029057241811884627,0.015884104864507087,-0.04119577105359096,0.017798466593647255,-0.014690604654563622,-0.0018101508459037463,0.013824566512292913,0.004081008109695583
2022-03-11,-0.014300573745511413,0.00029859929783926376,0.003041825095057016,-0.0061877858488028625,-0.004372091585115201,-0.012433540837318624,0.00454596506474636,-0.0040644211739235825
2022-03-14,0.0,0.006784321884413247,-0.005307050796057644,0.0018949648077963843,-0.0033571324312657858,-0.0002603911277642146,-0.012067714099283755,0.004081008109695583
2022-03-15,-0.020459807970856225,-0.010256156838785446,-0.022484756097560954,-0.009186706295595704,-0.011915742241056959,-0.0175759051794121,-0.003053780676952278,0.01626063420307755
2022-03-16,0.004175372507041919,-0.002074302702948061,-0.008187134502923854,0.0229070084537768,-0.001050155158059285,0.007209850018592645,0.0,0.007999744596375313
2022-03-17,0.03177103263543435,0.008901199865367637,0.008254716981132004,0.015195947747267402,0.008662627895303476,0.020411581718114524,0.0030631348188729923,-0.003968608165447307
2022-03-18,-0.002198770145734663,-0.00323242341590968,-0.0011695906432747094,0.003676470588235281,-0.015611551546601543,0.00935340250116412,0.0,0.00796884154050126
2022-03-21,0.006610846168397355,0.0014744592895457043,-0.0015612802498049527,0.016483516483516647,0.010571698371163674,0.0051478129262876315,0.003053780676952389,0.0
2022-03-22,-0.0014572309315398213,-0.0023574680251462476,0.005863956215793609,0.002574002574002643,-0.019355407055033358,-0.013571343662083457,-0.003044483492092853,0.0
2022-03-23,0.009502332660884294,0.002657286941720738,-0.008938981733385143,0.014634146341463428,-0.013603172362460336,-0.004154197379608537,0.006107561353904556,0.0
2022-03-24,-0.0007260810267177842,0.0,0.010196078431372602,-0.007844129554655965,0.01946970584026131,0.011731368469173997,-0.004552864118488764,0.003951964606304426
2022-03-25,0.001449944195150099,-0.004415569170477918,0.009704968944099335,0.012496812037745553,0.0002648051608291624,-0.0010299585026396496,-0.001524562498726456,0.00787472052835847
2022-03-28,-0.010853934346933714,-0.0008888445474375395,-0.00845828527489434,0.007304785894206578,-0.014850679858765425,-0.007739304826173354,0.0,0.0
2022-03-29,0.001096973081205821,-0.004144066450309847,-0.010469174098487799,0.010252563140785043,0.012112087805351779,0.007799668840876128,0.0015268903384761945,-0.007813193810665586
2022-03-30,0.012423139252037307,0.0017821168448781677,0.00039184952978055243,0.0024752475247524774,0.010374081111687028,0.017281232435236937,0.001524562498726345,0.0
2022-03-31,-0.003246975520543094,-0.0020746793573952482,-0.0027418723070896656,-0.0017283950617283939,0.00026278379858735157,0.0005067528909434849,-0.0015222417460463156,0.0
2022-04-01,-0.008327037360466472,-0.002379899424173937,0.00942655145325988,-0.009398961167449982,0.0007881442842130326,-0.0007613781925600582,0.0076228124936321695,0.0
2022-04-06,-0.005112052901502184,-0.0023855768571624525,-0.0077821011673151474,-0.0007490636704118314,-0.022876137402310648,-0.011413023928107724,-0.003026057925293535,0.0
2022-04-07,-0.01798080588752049,-0.017027573032575516,-0.0019607843137254832,-0.014242878560719596,0.0016151585380064226,-0.004105179936553238,-0.006070485491318389,0.0
2022-04-08,0.005603734923083747,0.00820222205652077,0.0051080550098232536,0.010899873257287807,-0.005642323241136671,-0.003603932770876339,0.00763445169238075,0.00787472052835847
2022-04-11,-0.015606379514654711,-0.0108488647289402,0.007427677873338645,-0.006770310932798451,-0.013779610725996982,-0.017581465122093465,-0.0075766084412440815,0.015624498094412242
2022-04-12,0.0007536437481669989,-0.0036590665875350092,0.010865347303065542,-0.007826306488260548,-0.011507244753032553,-0.011842511562566771,0.003053780676952389,-0.011538561716979645
2022-04-13,0.01886098077100007,0.012846730392202854,0.004222648752399305,0.0007633587786259888,-0.0016635052288737073,-0.0029291475940126377,0.004566725238139391,0.0
2022-04-14,-0.003702365902113036,-0.0012086410891661847,0.000764525993883769,0.008644800406814257,0.006107456506494913,0.00561031554150393,0.00454596506474636,0.011673254281949985
2022-04-15,-0.017093500642852533,-0.005137145082620975,0.006111535523300127,-0.0063019914292916646,-0.011035549404412204,-0.006907841787476832,0.01659127400162763,-0.0038455670862619362
2022-04-18,-0.005293733926686972,-0.006687607188129108,0.0015186028853455547,-0.0053272450532724225,-0.007812762187304978,-0.00614891195640932,-0.005935381508726412,0.0038604125617487384
2022-04-19,0.00342318771909933,0.0051984367156014955,-0.007202426080363811,0.00867125733231311,0.0005614823133071045,-0.003230541280488053,-0.002985410303474434,-0.0038455670862619362
2022-04-20,0.004923933946059167,-0.0006067706267007811,-0.015273004963726744,0.008596713021491897,-0.008711614133300905,-0.010924053805664635,0.007485874164547379,0.01158217150541141
2022-04-21,0.0007525069377052329,0.0021343271732074953,0.0027142303218301578,0.008022060666833752,0.014176343205961173,0.009112411040483215,0.0029702952419299322,0.0
2022-04-22,-0.008662633631160932,-0.0036490567444634747,0.0,-0.018900770952499313,-0.005871038898154657,-0.009030124831273745,-0.0014798492066063762,0.003817135662016913
2022-04-25,-0.017857633168588682,-0.022881946555780575,-0.01740139211136893,-0.026869455006337195,0.006467193873754384,0.0013797084310041008,0.002965887783066501,0.0
2022-04-26,0.0,-0.0031210956386039657,-0.006296733569460811,0.00989841104454281,-0.0002789372156016823,0.0035851112438929356,0.008876744834033001,0.003802620543531088
2022-04-27,-0.02089062996886326,-0.014093705131837275,-0.0035643564356435675,-0.021408305390766214,0.01229683166652662,0.0076944629285888855,-0.013196180484406406,0.0
2022-04-28,0.004347220883792247,0.007627341535404231,-0.01192368839427671,0.008961518186610506,-0.005246851059166446,-0.008727022490068737,0.014858698812062476,-0.0037882153978360256
2022-04-29,0.012981659363816789,0.009140564578499655,0.017699115044247815,0.011233019853709392,-0.0013853975757212034,0.0,0.0014642929582275865,-0.0038026205435309768
2022-05-03,-0.007377653043325716,0.0025003472704543395,-0.02608695652173909,-0.020666494445879757,-0.018900975469515635,-0.021183944799730736,0.0029225272665576174,-0.026717180249115402
2022-05-04,0.0,0.006856416602561977,0.0032467532467532756,0.0002637826431022283,0.0019830723310299003,0.005903128514832989,-0.00582979341522083,-0.027450582407232638
2022-05-05,0.0113448808434089,0.007118180782810013,0.01901294498381878,0.02689873417721511,-0.003958295076615492,0.005309413080171854,-0.0029328805127373236,0.008064256589450425
2022-05-06,-0.02011483206771114,-0.00891494053565034,-0.012306470821754734,-0.026964560862865916,-0.014192460276816088,-0.011118864522710603,-0.010293489546568169,0.01200010061354928
2022-05-09,-0.016583393069211638,-0.02108531112125367,-0.002411575562700885,-0.014251781472684022,-0.017562208869417728,-0.011802675034208066,-0.011888403570132322,-0.011857805751475659
2022-05-10,-0.004413401945958517,0.0025351989548374476,-0.005640612409347323,-0.014725568942436484,0.011721201097034006,0.0065427234403487855,0.0060157190812688555,-0.004000356017173967
2022-05-11,0.0016100009470594312,-0.015167883423843231,-0.01337115072933548,-0.00027173913043476716,0.011299690939689633,0.003954134915947538,-0.008967803460333434,0.004016423139648229
2022-05-12,-0.023751163737926184,-0.017324833244790727,0.007392197125256628,-0.02011416145691769,0.016327754081077117,0.014355302709644135,-0.015084642624104694,-0.007999744596375202
2022-05-13,0.009074484531282012,0.005551384091705414,-0.013860578883000407,0.011373092926491024,-0.0050749031293541025,-0.006938157745841389,-0.0015297064526814674,0.0
2022-05-16,0.0053122958051690095,-0.002598579244221799,-0.010748243075651143,0.008228195282501183,-0.0028315001839964715,-0.0030731210517694896,-0.010737396931426724,0.0
2022-05-17,0.010976057579318521,-0.0009732627260339299,0.008775595486836707,0.0021762785636563198,-0.011648607736807759,-0.008126189906379144,-0.004649804531110191,-0.004032615914545623
2022-05-18,0.010853259428496687,0.010426554490862383,-0.007042253521126862,0.012214983713354943,-0.009559403133686417,-0.008477261923625412,0.014018364322259558,0.012145852060310158
2022-05-19,-0.019091114888051153,-0.010640349272431626,0.0016687526074261605,-0.034325556449450234,0.0166713790539621,0.004558166563759736,-0.009217622122293045,-0.004000356017173967
2022-05-20,0.010949359669431225,0.0012993698056442682,0.016243231986672102,-0.0022216051096917155,0.006616195430121374,0.0070936601767992435,0.001550562856200699,0.0
2022-05-23,0.0020038192141984545,0.004561857085103149,0.005327868852459172,0.0019482326746451673,0.004287439201588139,0.004785547860863604,0.007740811665958081,-0.00803187495568336
2022-05-24,-0.011206902786717987,-0.005187036383781041,0.0008153281695881809,-0.003055555555555589,-0.0065446493161571695,-0.008128483635843953,-0.010753892476008664,0.004048943749547007
2022-05-25,0.007691266773215633,0.00586334510330766,0.0016293279022403517,0.007244357759821574,0.010885023520402548,0.017524900488103512,0.007764854175472458,0.008064256589450425
2022-05-26,-0.012455993902660278,-0.0025918441318563135,-0.008946726311508724,-0.0013831258644535493,0.003118067204155528,0.011664955570503066,0.0,0.019999845209924372
2022-05-27,0.02115781813905282,0.009090049233618114,0.0028723840787854282,0.0146814404432134,-0.008758740197830184,0.0010988049621192264,0.0015410051547839476,-0.015686724567521848
2022-05-30,0.024300444476435645,0.01126267235638001,0.005319148936170137,0.023205023205023156,-0.008264743894973225,-0.000272651959773329,0.015384471573594682,0.011952298726527033
2022-05-31,0.009725691919032275,-0.000956153530938475,-0.0069190069190070425,-0.004002134471718266,-0.012356390822730545,-0.01152443522924751,0.021212662418365058,0.0
2022-06-01,-0.0050073945193562786,0.0038233915387320128,-0.011475409836065431,-0.0010715242432359773,-0.004073100521898576,0.007495445782706334,-0.026707413817971926,-0.015747536650301486
2022-06-02,-0.010453388170779454,-0.0038088288945641313,0.008706467661691475,-0.005095199785465243,0.0075972581533676475,0.002752577030025627,-0.007620960048311809,0.0
2022-06-06,0.007040187738339698,0.0025489276924881565,0.006576243321002817,0.010512129380053858,-0.005799448429546716,-0.0021953166577967087,0.0015362703537153966,0.007999744596375313
2022-06-07,-0.0101004074556309,-0.0012712235892341495,-0.007349938750510376,-0.0074686583088824365,-0.010789476431954936,-0.012941213624767967,-0.006135655389386763,-0.003968608165447307
2022-06-08,0.010990530417179345,0.0050913666222880405,0.002056766762649209,0.011556033324375159,0.0061889331039310935,0.007529515487409988,0.007715042269580197,0.00796884154050126
2022-06-09,-0.0031070167379130265,-0.009495528804397857,0.004515599343185572,-0.005313496280552665,-0.004101742803591879,-0.004982163712770493,-0.006124408680991067,-0.003952920572585561
2022-06-10,-0.010123999648227855,-0.007029489565984259,-0.004495300367797328,-0.01949786324786318,0.0014711923680579275,-0.0027836978145312496,-0.004623015464351954,-0.007936256570757916
2022-06-13,-0.027932067506050262,-0.01833699218075513,0.012315270935960632,-0.03813674748025053,-0.0011745237043425671,-0.011997980185908363,-0.00309632466638321,0.0
2022-06-14,-0.0016158691511568568,-0.0009849840191368253,-0.023519870235198748,-0.01500991220617387,-0.020587109976938245,-0.020331845666570647,-0.006209996377030347,-0.004000356017173967
2022-06-15,-0.004866438418865249,-0.0029528351241498996,-0.005398671096345509,-0.013801035077630974,-0.014715685501501707,-0.0069179363020820395,0.0015626750414401425,0.004016423139648229
2022-06-16,-0.0020348387951398816,-0.014807900910673188,0.009603340292275497,0.014285714285714235,0.0100576175995577,0.008708584281634346,0.0015602368981808556,-0.007999744596375202
2022-06-17,-0.013469118368219846,-0.010687765657807158,0.008684863523573227,-0.02385743029606202,0.010562479968020844,0.0002860684657195467,-0.009346838107388344,0.008064256589450425
2022-06-20,-0.00910449992525042,-0.02531796276069842,-0.0020500205002050853,-0.007067137809187329,0.0005951235504999541,0.0017269194104274632,-0.009433115067953857,0.0
2022-06-21,0.020458351563796606,0.014201346844262996,-0.0032867707477403085,0.01542111506524324,-0.010146697960332074,-0.002873237168342535,0.02698328806863759,0.01200010061354928
2022-06-22,-0.022092198057276358,-0.02663824974079143,-0.006183017312448524,-0.001168224299065379,0.0027128938013616377,-0.004320439311959912,-0.010818506407523354,-0.007905841145171122
2022-06-23,-0.013391490374984438,-0.015789841778791613,0.002903359601825084,0.00994152046783614,0.018942465714101075,0.005496794458228482,0.031249703319592648,0.011952298726527033
2022-06-24,0.0021223776759582424,0.0017819660661186898,-0.00496277915632759,0.016502605674580284,0.007081858679766961,0.007193664295666036,0.006059445535876895,0.015748488853509324
2022-06-27,0.023698113784587527,0.02704206907840878,0.006234413965087393,0.018228424950156752,-0.02226760287576579,-0.011426928089347643,0.003012389963580553,-0.0038763141736232187
2022-06-28,-0.009507769408583888,-0.011433064507560209,-0.0057827344072697295,-0.003076923076923088,0.0017989470973649446,0.0017344041714075775,0.00750835681025297,0.003891398456615791
2022-06-29,-0.008347314645502979,-0.013666605758998918,-0.00249272953884494,-0.017115600448933788,0.0071792967787769335,0.0,-0.002980960608217398,0.011628005080924542
2022-06-30,-0.02525273647351356,-0.02061232162413995,-0.002498958767180426,-0.0068512703397088925,0.008315551428105694,0.002018130086680392,0.0014949366513781204,-0.03089963387478345
2022-07-01,-0.03669957367803134,-0.02721588000979136,-0.009185803757828737,-0.010922678930727292,0.014725733650182038,0.00431795086267317,0.013432532629119809,0.01639328586700639
2022-07-04,-0.00986354617969798,-0.004849704900032115,0.008006742520016985,0.01365882011043329,0.002903099526427644,0.006308445353594427,0.0014729201043750528,0.02016110064745069
2022-07-05,0.00498090245119287,0.01049951726357401,-0.0012541806020067714,0.010607798165137572,-0.0060760980327813074,0.0005662699147328532,0.01029348954656828,0.003952532719519564
2022-07-06,-0.019369120088544522,-0.023743850769187058,-0.02595228128924243,-0.003120567375886507,0.021547529679984523,0.005695773155857342,0.013101919739907375,0.007874861985534443
2022-07-07,0.029855762846899392,0.01671909588721876,-0.01246239793725823,0.008252703471826939,-0.012543546894562052,-0.002546778109251635,0.014367675610744035,-0.003907122227214677
2022-07-08,0.010258393872362381,0.018312038045035228,-0.003046127067014792,0.007056167090036647,-0.010101671323587635,0.0008498880679330689,-0.025496881954927275,-0.023529196479221248
2022-07-11,-0.008830110117136525,0.0,0.0008729812309036244,-0.0025224215246635318,-0.01108183643849825,-0.0005673154056846652,0.007268263388441554,-0.004016026626087799
2022-07-12,-0.02405047501398283,-0.02311985865883448,-0.00828608809419984,-0.007305422871593303,0.01887144400685603,0.011631144132906668,0.002886326772171266,-0.01209666038847057
2022-07-13,0.035597958291759824,0.01727941388228116,-0.0013192612137201687,-0.002830455703368262,-0.0005768666125494093,0.0011222221428011103,-0.012951089398710702,0.012244781349992406
2022-07-14,0.004849189413001165,0.0036916038659926542,0.001761338617349173,-0.007096224808401885,0.007527788530664159,0.004762312756143805,0.007289456063091615,-0.008064440258980343
2022-07-15,0.013157999001561116,-0.003311351674573748,-0.010549450549450445,0.0020011435105775632,0.006325770310044998,0.0011156510925565133,-0.008682286693081132,0.0
2022-07-18,0.004399429051874293,0.014398750297144103,0.003998223011994595,0.023109843081312587,0.003139594341230456,0.011974560270297196,-0.008760103034990752,0.0
2022-07-19,0.0008721382962153523,0.007275730083804888,-0.0039823008849557695,-0.010596765197992242,-0.01167291374277446,-0.00948663454187093,-0.005891680417500322,-0.012195006288138965
2022-07-20,0.006562568076432296,0.011560405472774704,-0.00044424700133283146,0.025930101465614586,-0.007203372347302284,0.0,0.004444948529332304,-0.012345560475771733
2022-07-21,0.011300439418591601,0.013574858857609007,-0.010222222222222244,0.00219780219780219,0.0049352187600653075,0.003381332917895552,0.001475092798213229,-0.004166626160501563
2022-07-22,0.0038673927581922563,0.0007023382460993322,0.013471037269869868,0.005208333333333481,0.015015542827209183,0.015155899332364164,0.025037852078016565,-0.008368119145147679
2022-07-25,-0.0008565326795767492,-0.002461857406627632,0.006202924235711116,-0.0057267521134442,0.011377719227360972,0.007184991813906416,0.005746022655846117,0.012658103233732731
2022-07-26,-0.008995587932729365,-0.007414623586080027,-0.0026420079260238705,0.0008228195282502515,-0.0008426381624445645,-0.005763589301121752,0.0071436631454686594,0.0
2022-07-27,0.009077243070960916,0.0046237731733915766,-0.003090507726269287,0.0021923814743765035,-0.0005644725038052023,-0.0027596500971952542,-0.0014185986382833082,0.012499878481504911
2022-07-28,0.0017145339134807536,-0.0024803525682774996,0.012843224092117023,0.01039103089964466,-0.006760686490393519,-0.0019388412203910077,-0.007103069596272826,0.0
2022-07-29,0.00940999269717624,0.013134484278337855,0.013992129427197186,0.021109607577807665,0.008509226790863966,0.007766942886638262,0.007153884133154431,0.0
2022-08-01,-0.0029654917742457654,0.007352111919658455,-0.0004312203536007697,0.006891068115558063,0.000845756784513263,0.006329705317436929,-0.0056824556770183055,0.004115186825257355
2022-08-02,-0.017849651737157024,-0.010779745593739065,0.00690250215703192,-0.0005264543300869118,0.026970926528285366,0.017507840871574754,-0.02999991319971873,0.004098321466751376
2022-08-03,0.006056734750419457,-0.00035030611365005626,-0.0025706940874035134,-0.0013168290755859458,-0.016414533082124927,-0.013171102661596934,0.008837520626250539,-0.008163187566661456
2022-08-04,0.002581755593803692,-0.0003504288710259873,0.0017182130584192379,0.01081223628691963,0.003060824762802783,0.006808732164752085,-0.010638788558290702,-0.008230373650514489
2022-08-05,0.025308536003814996,0.015478206469566658,0.011149228130360012,0.0036524915210018882,-0.001108728172948381,-0.002435655824142957,0.010751396372569388,0.01244801226794312
2022-08-08,-0.0020910927634051335,0.0,-0.011026293469041493,-0.0002599428125811265,-0.015824368068969807,-0.012746803069053736,0.00304067299282762,0.004098321466751376
2022-08-09,-0.0008389355585632918,0.006925413719117035,0.007718696397941649,-0.0010400416016640435,0.01156421590576251,0.007965127524938387,0.0030296866847656645,0.0
2022-08-10,-0.010489901930052392,-0.008945336399502013,0.001276595744680975,-0.005986465382613271,-0.0013944726962912268,-0.004088164540912431,-0.00906336952803466,0.0
2022-08-11,0.01823420487929983,0.010761043108036272,-0.003399915002124998,0.021733438072794042,-0.007538668168623475,0.0030107526881719693,0.006098103484478035,0.020407968916654085
2022-08-12,0.006248240714677111,0.0061814850306967095,0.0029850746268655914,-0.0005125576627371675,-0.01941630203733491,-0.0068198970840479545,-0.0015157276642406847,0.0
2022-08-15,0.009106200976873868,-0.0027316113367102934,0.001700680272108901,0.012564102564102564,0.004592324209185428,0.007692254552488231,-0.003034285835748274,-0.003999962669503865
2022-08-16,0.0016413952589209302,0.0006873970216292324,-0.007215619694397213,0.006077487971638318,0.0043190727799555795,0.004089271574934994,0.0015208720140007514,-0.008032053252175708
2022-08-17,0.00040785558998868154,0.0013686059620880986,-0.0017101325352714136,0.001006795872137145,-0.0014323681253967102,-0.005158193710485648,0.00304067299282762,-0.004048544753138872
2022-08-18,-0.006548509567958494,0.0003403747263912571,-0.008137044967880147,-0.00829771184309791,-0.0071823110521932465,-0.009007586961818137,-0.0015157276642406847,-0.004065002096046322
2022-08-19,0.0016488348233913985,0.0044390700985703635,-0.005613126079447306,0.0022819472616633085,-0.00347162783054078,-0.004130943641878715,-0.00151802858215766,-0.008163187566661456
2022-08-22,-0.014398068551779608,-0.0057796840717325715,-0.006079027355623157,-0.01340753857829502,-0.00986711009111263,-0.01382808941492264,0.006079571964072494,0.012345560475771622
2022-08-23,-0.013353919698330552,-0.010939875242438557,-0.003931847968545177,-0.014615384615384586,0.0005864064733722696,-0.005327438246141014,-0.00453168476401733,-0.004065002096046322
2022-08-24,-0.0025391594817857355,-0.0044943105632199165,0.006140350877193113,0.0007806401249024209,0.00029129748755907237,0.0033815997022490496,-0.00151802858215766,-0.004081593783330728
2022-08-25,0.00933018053182777,0.004860648973833426,0.005666957279860441,0.00884035361414437,-0.010837271060048725,-0.004493604032938858,0.004559235467658684,0.0
2022-08-26,0.005040446877276894,0.005531184436391223,-0.0004334633723450665,0.009278350515463885,0.005923111701475081,0.007618959747619725,0.004538543180618193,0.0
2022-08-29,-0.025499657972221423,-0.02234024616422181,-0.019947961838681638,-0.03549540347293145,0.007358551703233074,0.0,-0.006022878499941098,0.008196642933502973
2022-08-30,0.0017167381974250162,0.007733681124428626,0.007964601769911539,0.00688377018797981,0.00964288802421076,0.00476150226805272,-0.006061142013247145,-0.004065002096046322
2022-08-31,0.007277920594116027,0.004187456882029261,-0.005706760316066872,-0.008414409676571144,-0.0028946980778519205,-0.005853569625932309,0.006098103484478035,-0.012244781349992295
2022-09-01,-0.020832860718525636,-0.012158491771848579,-0.01147902869757167,-0.017501988862370865,-0.012189591435678326,-0.013739925112648432,-0.004545414349006571,0.0
2022-09-02,-0.010854287655999051,-0.011952320108686743,-0.00312639571237161,0.009986504723346945,-0.006465637173066252,-0.007106878443064457,-0.003045297467286101,0.0
2022-09-05,0.002193898463880739,0.0028428002400828767,0.007168458781362075,-0.004275788348476861,0.007099324023930542,0.008302699277384251,0.003054599631808541,0.008264383131094455
2022-09-06,0.006571182618111848,-0.0035475077669744337,0.0031138790035587505,0.005099302200751499,-0.004112079363479237,-0.0045456655489970466,0.010653210976574012,-0.004098321466751598
2022-09-07,-0.023497178945413144,-0.006410431420942553,-0.01197339246119733,-0.008811748998664992,-0.013566906103188114,-0.013408710998873752,0.001506598620679922,-0.008230373650514489
2022-09-08,0.0071292135276728175,0.01254636880718829,0.01032315978456011,0.02128232758620685,0.01405425679094452,0.015038031384982498,0.006015573436688237,0.004149337422647781
2022-09-12,0.021236242873050815,0.01097433893447941,0.0,0.02110261144816672,-0.011793810691891893,-0.004273351195678732,0.004484265810526633,0.0
2022-09-13,0.005201550447333281,0.00525044290545984,0.003998223011994595,0.010333247222939823,-0.004177097640981509,0.004291691098968098,0.008928493881202426,0.0
2022-09-14,-0.020257735120051468,-0.012539519781252673,-0.01017699115044246,-0.032728202505753035,0.0035953876920022942,-0.0025647271216311385,-0.011800456247578861,-0.012396574696641571
2022-09-15,0.0017566303994867027,0.008464034613304472,-0.008493518104604414,0.0015860428231562196,0.004179591721369835,0.00542994225299509,-0.0014913645462923952,-0.004184059572573839
2022-09-16,-0.011415649946104778,-0.010838495159949502,-0.01487826871054998,-0.01214040643969383,0.007135192189286599,0.004261201280146176,-0.017937063242106865,-0.008403278964941974
2022-09-19,-0.004444374212358104,-0.007780139229251359,0.0027459954233408634,0.0005343307507348349,-0.005020034724526834,-0.005377701743840668,-0.0076114669485727315,0.0
2022-09-20,0.00892446151648385,-0.002852318738422621,0.00045641259698769865,0.010680907877169465,0.002373462165046858,0.0028464253403372997,0.004601191296766061,0.0
2022-09-21,-0.008401080813205675,-0.012148810600207005,-0.0041058394160585765,-0.009511228533685578,-0.005919605453042487,-0.006525343650270132,0.003054599631808541,-0.004237246244708448
2022-09-22,-0.012045994518418035,-0.01700782160093195,-0.0013742556115435844,-0.01813817017871433,0.01429165404049293,0.009421603287690816,-0.006088818214929681,-0.012765830702329173
2022-09-23,-0.009478882286815482,-0.0040461840590505505,0.00596330275229362,-0.0016299918500407573,-0.021131947001646667,-0.016967714407623347,0.0030621657180447404,-0.008621608629452826
2022-09-26,-0.018689278085595395,-0.02697649118631984,-0.020519835841313228,-0.018231292517006836,0.0032969567917664477,-0.0023004470680150213,0.0076347169327115605,0.013044373593132041
2022-09-27,-0.0013919407867563072,0.0,-0.002327746741154546,0.0019401330376940251,-0.008369177655781268,-0.012688883088256664,-0.0015157276642406847,-0.004291802517003007
2022-09-28,-0.020928895525104352,-0.018989553125327574,-0.005132991133924403,-0.014107883817427336,-0.02411018128116771,-0.029790843529221678,0.01062265741796975,0.004310301479742762
2022-09-29,-0.003324729311269814,-0.0007776095924968418,0.016416510318949307,0.024691358024691468,0.020999418815040638,0.010237719467562911,0.013513395087153546,-0.004291802517003007
2022-09-30,-0.013826486495651102,-0.0011584112538168823,0.0083064143977849,-0.020536692223439235,-0.0006050321490455035,-0.007747523639687559,-0.0029623608961443226,-0.01724221158893846
2022-10-03,-0.012081904221574735,-0.004270276378472548,-0.0004576659038901809,-0.015096449538719803,-0.0021171034013361956,0.01110792279578332,-0.013374567681105676,-0.021929622591502218
2022-10-04,0.025442569316644237,0.02337221734429984,0.02106227106227121,0.03434572807266534,0.007886876983386193,0.020198059731588724,-0.010540916370591624,0.004484262707067588
2022-10-05,0.023377273556527634,0.013324850876066385,0.010762331838565009,0.009879253567508295,-0.007525974049102269,-0.004077494354097766,0.009132338962573483,-0.004464243864789497
2022-10-06,0.006993934720512129,-0.0018776963085411769,0.0013309671694765601,0.00706521739130439,-0.01091341046768679,-0.007596667315954431,-0.0045248470443240985,-0.008968525414135065
2022-10-07,-0.016669685791449895,-0.010912280499275728,-0.005759858218874592,-0.014570966001079322,-0.004600753972141436,0.0008813966062526379,-0.004545414349006571,0.0
2022-10-11,-0.05178628996805479,-0.01636522753792302,-0.027183600713012623,-0.030120481927710885,-0.020631408585727984,-0.019717757451972795,0.0015208720140007514,-0.013574531653320565
2022-10-12,-0.004967369899063101,-0.0011625493045464008,0.0013742556115436955,0.0016939582156971777,0.0050283051522448385,-0.002702549681997457,0.016718379395803673,0.009174223556948746
2022-10-13,-0.011976765341486506,-0.011229282834221088,0.0009149130832570851,-0.005073280721533235,0.002503425545309801,-0.006619508816549935,-0.0074749395845511435,-0.009090822320662606
2022-10-14,0.028789062850880898,0.014882167823768055,-0.000914076782449702,0.029745042492917984,-0.002183180276757679,0.004545281365489373,-0.004518037870650526,0.0
2022-10-17,-0.018654175252331373,-0.00540281443433166,-0.009149130832570851,-0.018156808803301394,-0.004379616089443483,-0.004828132881746661,-0.003025106797042376,0.0
2022-10-18,0.011504019289028555,0.0027190566004058336,0.0041551246537396835,0.03306248248809185,-0.004711228117144861,0.0015168260985556348,-0.009104628835811979,-0.004587111778474373
2022-10-19,-0.01335227397669947,0.0088470895389543,-0.007356321839080415,0.002169785733658891,-0.004105878616927905,0.003687382985524401,0.0,-0.009216500675754746
2022-10-20,-0.00551392745864554,-0.012527864205009842,-0.008800370541917624,-0.008119079837618504,-0.013628894907827815,-0.01408872560728236,-0.009188284758173015,-0.004651117364207646
2022-10-21,-0.003025494836488951,-0.002960253974304883,-0.007943925233644733,-0.009549795361528002,-0.0167076783819452,-0.01273645309778082,-0.009273492245628567,0.009345702688470459
2022-10-24,-0.003030180417121886,0.004665639150746026,0.022138483278379528,0.02892561983471076,-0.004575694283282972,0.002204659387915031,0.015601098468845276,-0.004629584622779626
2022-10-25,-0.019273522581226943,-0.012243199048610043,-0.004147465437787989,0.01258366800535482,-0.006236473070481918,0.0025107367030061667,0.006143142757241815,0.0279067041852461
2022-10-26,0.009311158216120052,0.0004274121698091271,0.00509023600185099,0.005817028027498727,0.022130814226281714,0.019419169500001887,0.0015272998159043816,-0.018099375537760864
2022-10-27,0.0143412936320646,0.007262902633780044,0.004143646408839796,-0.000525762355415238,0.002911113491347095,0.0006122837041262486,0.0030481620276949783,0.009216500675754968
2022-10-28,-0.012624969683904141,-0.011452023370013276,-0.0018340210912425325,-0.013940031562335586,0.01288843626155245,0.007985222966732763,0.0,-0.004566166263424987
2022-10-31,0.013300400740528406,0.007294065036228536,-0.011943040881947531,0.03200853560949568,-0.00477119358920286,0.0012178936096405302,-0.004559235467658795,0.018348447113897492
2022-11-01,0.005552887097280967,0.0029816899042500733,-0.002324500232450011,-0.0012923235978288261,-0.0006394611877329481,0.0024328242981150883,0.009160234601806039,-0.013513385692710767
2022-11-02,0.0040133211906929755,0.005096272901824905,0.007455731593662529,-0.005952380952381042,0.0019196110799799548,0.005158144270252407,-0.003025106797042376,-0.009132332526849973
2022-11-03,-0.0129967141389844,-0.003802824445198305,-0.008788159111933425,-0.02395209580838309,-0.004149299191680278,-0.002111723240916019,-0.004552314417905934,0.0
2022-11-04,0.00151815478871975,0.0025448940822252464,0.0037330844610359293,-0.010402774073086207,-0.00673560383265337,-0.006356067103888141,-0.0015249707283915281,0.0
2022-11-07,0.017196165835271282,0.01776903825527354,0.01673640167364021,0.005929919137466211,-0.00871442215854823,-0.0036525790449767337,0.004580117300903019,-0.004608250337877262
2022-11-08,0.010444857168125932,0.0070608072505005115,-0.002743484224965842,0.00643086816720273,-0.018233392042980023,-0.007029278572050157,-0.004559235467658795,0.0046295846227795145
2022-11-09,0.028542419760002158,0.015685316962001705,0.022925263640531934,0.0007987220447285281,0.00762744466863996,0.0018478654296762986,-0.003052817484998638,0.004608250337877484
2022-11-10,-0.009569235482333793,-0.0032511762618343543,0.0013446884805021764,-0.01569566374035658,0.0023024688231696455,-0.006453698421753251,-0.006126119040128164,-0.004587111778474373
2022-11-11,0.05314144560197631,0.019162962707737652,0.024171888988361756,0.03054054054054056,0.02134705681146798,0.026901126494241145,0.007705299281809852,0.009216500675754968
2022-11-14,0.009174162230516592,0.016796731934075382,0.0004370629370629153,-0.0010490427484919351,-0.012539769527028066,-0.009333497340475061,0.010702078480719024,0.0
2022-11-15,0.042725369249052125,0.00511482023318699,0.00830056793359546,0.004200577579417164,-0.0029290589627277708,0.0051659850175147515,-0.0015116704134665593,-0.004566166263424987
2022-11-16,-0.0017444294552727557,-0.0007828910733876926,0.0012998266897747968,0.004967320261437758,0.011553521524183541,0.01633164888639338,-0.022727071745032412,-0.004587111778474373
2022-11-17,0.0004388110937656453,0.0019587611801121785,-0.007356122890523453,-0.007023933402705462,0.02186871890499753,0.01904144552931175,-0.006202097528752781,-0.004608250337877262
2022-11-18,-0.0026200669960834144,-0.005864795805982426,-0.0013077593722755632,-0.003405816085931379,-0.001596733240844972,-0.0049659718884065285,0.0,0.009259169245559029
2022-11-21,-0.0035025997073383497,-0.00825915237055952,-0.008293321693583655,0.002628811777076745,-0.0016030322778789463,0.005575553287397117,0.0015606561675967079,0.0
2022-11-22,0.008345960976676503,-0.004753233986460881,-0.0008802816901408717,-0.0034084950183534968,-0.0022395954472813617,-0.00028897140627937024,-0.006231079029428099,-0.004587111778474373
2022-11-23,0.006967763924876635,0.00796363330246641,-0.005726872246695991,0.014469876348329525,0.015091984404197456,0.014593661025277926,0.0031341595951390744,0.004608250337877484
2022-11-24,0.009515823807252799,0.00948753925302337,0.01107665042091277,0.0010373443983402453,0.009174651737331452,0.007767011036206917,0.020312947429282247,0.009174223556948746
2022-11-25,0.0,-0.0007831976526133655,0.0,-0.004404145077720245,0.0012515598619982082,0.001427642552229047,0.006126119040128053,0.02272705580165635
2022-11-28,-0.020136248294991277,-0.007838115319651506,-0.0030674846625766694,-0.0036429872495445936,0.006264639792376014,0.009975722331220904,-0.006088818214929681,-0.01777761186446125
2022-11-29,0.00918044770722104,0.005925027538860483,0.00043956043956061563,-0.005484460694698323,-0.010269206950566434,-0.014394773160037122,0.007656308097131248,0.013574531653320454
2022-11-30,0.008233861708112133,0.0070681540393007225,0.0008787346221441616,-0.006565126050420145,-0.009429830211527102,-0.008302167709459463,0.004559235467658684,0.013392731594368268
2022-12-01,0.01718926148848765,0.006628626660589054,0.013608428446005183,0.021411578112609186,0.001902433405541526,0.008661211854743334,-0.003025106797042376,-0.017620982371822858
2022-12-02,-0.008870170903885866,-0.00348616445530725,0.009094846253789646,-0.0041407867494824835,0.016473755845735738,0.010018569970514868,-0.013656943253718024,0.004484262707067588
2022-12-05,0.0012774248328355498,0.0054418938228484315,0.0047210300429183505,-0.0038981288981289053,0.007789611176176603,0.01587351712087237,0.006154393198740005,0.004464243864789497
2022-12-06,-0.018304063237036594,-0.010051674099242791,-0.020504058094831246,-0.013566397078006665,0.0027840329015487164,0.0005595333077743625,-0.012233496648907272,-0.004444402966115368
2022-12-07,-0.0060737175779170816,-0.006638981326146154,0.000436109899694781,-0.008198889182755909,0.007090585478740863,0.010317961676142406,0.009287852970034871,0.004464243864789497
2022-12-08,-0.011779358187934297,-0.005897075272151442,0.005666957279860441,-0.003466666666666729,0.02296460668719602,0.023185890295819966,-0.0030668640822414384,-0.013333208898345994
2022-12-09,0.015453292658508033,0.008700350353417097,0.00910273081924573,0.008295424137008345,0.005386235487477187,0.008632089332941462,0.015385085069625326,0.009008923795140511
2022-12-12,-0.00956545609904158,-0.00039205941632847185,-0.0077319587628865705,-0.007961783439490389,-0.019944648546152854,-0.01551403911285909,-0.0030314553284813694,0.004464243864789497
2022-12-13,-0.004391700661682818,0.001176639561605075,-0.0012987012987013546,0.014713750668806869,-0.004555930177969403,-0.003258643476155454,-0.00607779794248986,-0.013333208898345994
2022-12-14,0.012347082810539423,0.0058762835403367575,0.014304291287386084,0.005536514632217271,0.006406065218245605,0.009811264735453573,0.009174230051850474,0.0045044618975702555
2022-12-15,0.000871454632071833,0.0007789272745224451,-0.009829059829059683,-0.00550603041426323,0.000607063233978522,-0.0021583551062137607,-0.00757686967748783,0.004484262707067588
2022-12-16,-0.016535481823740206,0.0,-0.007768666378938471,-0.020036910097548044,0.004243316598960378,0.0005390817529196124,-0.003052817484998638,-0.013392731594368268
2022-12-19,-0.005752712077153999,0.0011674815285787066,0.008264462809917328,-0.01156846919558785,-0.008751073128164144,-0.002432927176164612,0.0,0.009049687768880155
2022-12-20,-0.018248449613937123,-0.016714388170176786,-0.0017256255392579245,-0.01905280348394134,-0.027703921247157592,-0.032248649736656754,0.004594142379086508,0.0
2022-12-21,0.0040795265814213,0.0015812565421706726,0.012964563526361328,0.01220865704772467,-0.0015652435291659827,-0.0022393466376868787,-0.0030481620276950894,0.0
2022-12-22,0.016705476152240273,0.01302477096860244,0.0034129692832762792,0.011787280701754277,0.006586531754132041,0.009821735671279308,0.007644596753322075,0.013452788121202763
2022-12-23,-0.016873255120616437,-0.002727307647985122,-0.013180272108843538,-0.01273367651043078,-0.007163490998220001,-0.007224986066098338,0.0,-0.0044247376489838786
2022-12-26,0.0036149223996657653,-0.0007813617704999221,0.005170185264971927,0.010976948408342624,-0.004393763500903813,-0.00028070613186947924,-0.00151802858215766,0.004444402966115257
2022-12-27,0.004498375142075073,0.0019549319353275862,-0.0008572653236176286,-0.0016286644951141183,-0.004099509977565252,-0.0030817014874668924,0.006079571964072494,0.0
2022-12-28,-0.014335118250780932,-0.009755588165784701,0.00343200343200345,-0.008700380641653127,-0.016135785132846858,-0.014885878409391262,0.0,0.008849475297967757
2022-12-29,-0.0045474021196957315,-0.0035466110161401776,-0.001282599401453699,-0.010696653867251826,-0.0038600296751550855,-0.0011401059627894616,0.0015111493551607236,-0.008771849036600776
2022-12-30,0.006391385030190655,0.004350175176708548,0.004708904109588907,0.013584696423620812,0.0035498663601962743,0.001996579311904556,0.004524847044323987,0.0
2023-01-03,0.004991062890620235,0.003543818006366717,0.011930123561994188,-0.000273522975930085,-0.0025729311072267835,-0.007691792247548013,0.0,0.0
2023-01-04,-0.002256303195760423,-0.0015694683149768407,0.0029473684210525875,-0.003556771545827564,0.01806453074898129,0.0071792101447214485,-0.0015020725797263434,0.0044247376489838786
2023-01-05,0.007238912271948061,0.00039298385445207806,0.002938706968933724,0.004667764964305432,-0.0009497098933060055,0.00427682188377787,0.0015043321958685407,0.004405245592955742
2023-01-06,0.0044943012260454385,0.007856589576186845,-0.007953118459606556,-0.006285870456408937,0.005707389528406992,-0.02043921293042872,0.0,0.0
2023-01-09,0.03577763460360628,0.010913482652612938,0.020675105485232104,0.014851485148514865,0.010090940307269758,0.00956299343934175,0.01501546766687989,0.008771849036600887
2023-01-10,0.0038857616784031546,0.004626713295827312,-0.003307151715585044,-0.007046070460704601,0.0028109807361920147,0.009760205223681817,-0.007397532774316651,0.0
2023-01-11,0.000860585197934638,0.00038378378378389755,0.003318125259228699,0.00627729257641918,-0.007472506643240728,-0.003413137412208389,-0.002980021850014225,-0.008695572784845451
2023-01-12,-0.004299226139295009,-0.0030690924023754063,0.0024803637866885886,0.012747491185245652,0.010037129667375355,0.014546687097935829,0.0029889289235143224,-0.004385924518300444
2023-01-13,0.011656112070619784,-0.00038481759104180835,0.005360824742268067,-0.0010712372790574465,0.009315618386892766,0.008714233015249873,0.005961783350845851,0.004405245592955742
2023-01-16,0.007678679145785017,0.0015398629305107825,0.01312551271534046,0.0029490616621983268,-0.007381549368839724,-0.0022287390029325227,0.0074067669107920064,0.008771849036600887
2023-01-17,0.0,0.0015374953983413597,-0.00445344129554659,-0.001603849238171473,-0.002790934001125067,-0.0039107342913652365,-0.0014694320370516323,-0.008695572784845451
2023-01-30,0.04501696089393881,0.018032432432432355,0.006506710044733577,0.01258366800535482,0.004039801139879007,0.005609689210720914,0.0014715944450747198,0.004385924518300444
2023-01-31,-0.019883415955729733,0.0003769858125901582,-0.006060606060605989,-0.013484928609201474,-0.008047093621772028,-0.012440928029714748,-0.010292890764207585,-0.01746708874043179
2023-02-01,0.005918051527482149,0.004898968721968933,0.0024390243902439046,0.00964888769766814,0.002495834185985313,0.000859884300120628,-0.002972897030918964,0.0
2023-02-02,0.016805586514603954,0.012000211271325112,0.012570965125709543,0.005309264666843561,0.0009331520491069334,0.0017147986072063581,0.005961783350845851,-0.004444402966115368
2023-02-03,0.0,0.00037055980626510276,-0.018822587104525335,0.0063374702931080495,0.008088275460223171,0.007140316991025797,-0.01777762405859007,0.008928487729578993
2023-02-06,-0.014461399133178565,-0.0029633803404758297,-0.019999999999999907,-0.0005247966413013394,-0.01018365990405179,-0.00878942084674772,-0.0015088692283992122,-0.0044247376489838786
2023-02-07,-0.0020967494913103346,0.000743047016038334,-0.0020824656393170216,0.0013126804935676972,-0.0031168224469610983,-0.0034330896759344753,0.009063369528034881,0.0
2023-02-08,0.015544893462301701,0.0077909718845263765,0.0016694490818029983,0.01127425275301519,-0.005627089107171024,-0.004878253921527409,-0.002993405072537203,0.0
2023-02-09,0.00041379856285961303,0.0,0.0016666666666667052,-0.005444646098003658,-0.0006295884479724512,-0.0025954725379989663,0.0030023924493247645,0.0
2023-02-10,0.0008272548088681386,-0.004783720821637916,-0.013727121464226166,-0.009645464025025974,-0.003463075874518773,-0.007231153277145963,-0.002993405072537203,0.004444402966115257
2023-02-13,-0.0020664275600342785,-0.001850741599979111,0.002952340784479146,0.00421163464069485,-0.008525111369895866,-0.00844681706150352,0.007506857478375872,0.0044247376489838786
2023-02-14,0.007454543490238885,0.005928131202339815,-0.000841042893187538,0.010747051114023742,0.00700625305288427,0.0014670224823885025,-0.0014908807504157018,0.004405245592955742
2023-02-15,-0.023016732617702096,-0.002944001661517648,-0.006734006734006703,0.0010373443983402453,0.00442851430010216,0.003814401604555817,-0.007462049476367305,-0.004385924518300444
2023-02-16,0.012202082586329377,0.010347449330305958,-0.00423728813559332,0.006994818652849677,-0.011129379497463732,-0.003507332215363812,-0.003006909044950934,0.004405245592955742
2023-02-17,-0.012886365032947933,-0.0032935597763059654,-0.006808510638297904,-0.014921533316182067,-0.011895841488191672,-0.0038132816779872236,0.001507108587525785,-0.004385924518300444
2023-02-20,0.002105579235692989,0.00624172596392536,0.008140531276778162,0.0023504831548708527,0.011714594007258716,0.008245214253365996,0.0,0.013215736778867226
2023-02-21,-0.00042023101743415836,0.004378594224572652,-0.0016999575010625545,-0.004689942678478332,0.00032070525322658305,-0.003211937999971437,0.0060246364913305595,-0.004347786392422726
2023-02-22,-0.010930599830374588,-0.004722797861181571,-0.0008514261387824185,-0.00942408376963344,-0.004499617886633445,-0.007617617080628802,-0.002993405072537203,0.004366772185107948
2023-02-23,0.014876882249015067,0.012410545364810233,-0.005112910097997303,-0.003171247357294016,0.0,-0.009150044146530534,0.009008930058102438,0.00434880080828659
2023-02-24,-0.005025875977405336,-0.002523790662482206,-0.0017130620985011946,0.0021208907741250282,0.008073757292969441,0.010725742509438252,0.004464246940601102,0.0
2023-03-01,0.0046303244155359025,0.0018072687841408364,0.004290004290004257,-0.002116402116402072,-0.005445886609656947,-0.004422533690782493,-0.005926451133150601,-0.004329970628517366
2023-03-02,-0.000837996968637067,0.002164810147166518,0.0,-0.007688229056203588,-0.0048332636108289195,-0.00621688245031915,0.013412707801290225,0.013044373593132041
2023-03-03,0.0008386997965241783,0.006120379291110867,0.002563007261853878,0.009083622762489973,-0.002266977938251147,-0.0011893244491645305,0.005882878026841176,0.008583605034005792
2023-03-06,0.009633321674245021,0.010729927375174642,0.007243289305496559,0.015091342335186608,0.010059060301696565,0.014612972882429798,0.008771854974273241,0.004255276900776428
2023-03-07,0.006640010393059725,0.004602435351490408,-0.002538071065989911,0.0002608242044861431,-0.0025697941185233164,-0.0005885899681299378,-0.0028979622909636182,0.004237246244708448
2023-03-08,-0.008241679452801298,-0.0003524115372587344,-0.019508057675996504,-0.009387222946544926,0.0016093258754210638,-0.0014687504488846148,0.0014523441105409596,0.004219367744577651
2023-03-09,-0.0008313783892224258,-0.004582965074131917,0.0021626297577854725,0.002105817320347425,0.0006449328039663804,-0.0017694086506820916,-0.0014502378661173099,-0.004201639482470987
2023-03-10,-0.01580933293297493,-0.013453049008604556,0.006473888649115134,-0.020225899658523838,0.02152985269244234,0.008851916834494045,-0.005814466433205712,-0.008438735489155302
2023-03-13,0.004227179662487313,0.0025129185248107255,0.027444253859348233,-0.0008042895442357256,0.0,-0.002631917264234618,0.0014625446912359674,0.012765830702329284
2023-03-14,-0.01094074282848767,-0.009668389862564686,0.009599332220367351,-0.015025489669975967,0.011323975098195938,-0.004690515491233005,0.005838226924007595,-0.01260491844741296
2023-03-15,0.0008474889900447202,0.0,-0.0004133939644481721,0.011168618904930483,-0.010266784949261143,-0.0029462869230186817,0.004354102004581195,0.012765830702329284
2023-03-16,-0.004673882095407866,-0.00578535124619306,0.007030603804797364,-0.0005387931034481763,0.017915505274088694,0.010636532230713147,0.0,0.0
2023-03-17,0.01623107643726196,0.009455901486512763,0.007802874743326305,0.010242587601078101,-0.006482396231547893,0.0017564779047931633,-0.007224814361237342,-0.008403278964941974
2023-03-20,-0.007146930658321837,0.0,0.023634881825590925,-0.008804695837780097,0.00994376011039022,0.004960833648137264,0.004366775128072264,0.008474492489416896
2023-03-21,0.0046577733266075505,0.0028822538413135756,0.001990445859872736,0.008613728129206022,-0.002771822303716087,0.0,0.004347789309851802,-0.004201639482470987
2023-03-22,0.018962522081406252,0.007544172114392067,-0.021851410409217342,0.01014144649052584,-0.011415018744812988,0.0005815809071243461,0.004328967869625666,0.008438735489155302
2023-03-23,0.00785892068424765,0.0024908726591570396,0.019496344435418367,-0.015587846763540414,0.0015595994977437577,0.0023214273056557655,0.00287298006691894,0.004184059572573728
2023-03-24,0.0028728146088867756,0.004979386142879294,0.0063745019920318224,0.0016103059581320522,0.0003143245274292994,-0.0011597933587685905,0.008595921452677402,-0.004166626160501563
2023-03-27,-0.0061383968286728985,0.0017695409661195871,-0.008313539192399078,0.007502679528403,0.005605498589595914,0.0026125650928734423,0.008522661325356617,0.004184059572573728
2023-03-28,-0.00864325278471001,-0.00882710029257816,-0.007584830339321447,-0.0037234042553191404,-0.018277943991696133,-0.0115705514107457,0.004225319693935692,-0.004166626160501563
2023-03-29,0.0016577638607477851,0.0032028434020421326,0.003620273531777851,0.004004271222637357,-0.0009475586644910328,-0.0014610169249344995,0.00841508297206306,0.004184059572573728
2023-03-30,0.004975877809748397,0.004974078744570454,-0.0012024048096191953,0.01249667641584673,-0.0009447953858829905,0.004979734056444141,0.0013913512179599685,0.0
2023-03-31,0.0033008273595533932,0.0049494597420705055,0.008426966292134797,0.0044642857142858094,0.00379375185563946,0.0049586188484469496,-0.0013894180494645747,-0.004166626160501563
2023-04-06,-0.0049349516160177576,0.0014071666402408756,0.01631516116195786,0.007843137254901933,0.03590260432642456,0.02813848213716441,0.009736211498373226,0.008368119145147457
2023-04-07,0.0,-0.001405189304728105,-0.005090054815974909,0.003112840466926281,0.0,0.0,-0.009642331717434782,0.004149337422647781
2023-04-10,0.0,0.0024625416204215878,-0.006296733569460811,0.0002585983966898464,-0.00486456761748999,-0.0047956673625896284,0.008346483794086534,0.01239657469664146
2023-04-11,-0.001239856536020545,0.007018549730378965,0.004752475247524757,0.002326783867631965,-0.0051929834504647054,-0.001135458856925342,0.019309631952908468,0.004081593783330728
2023-04-12,-0.002482791377157567,0.005227224760848248,0.00788332676389425,-0.0015475883415012603,-0.0009222398678241372,0.0019858460813331202,-0.010824822060965245,0.0
2023-04-13,-0.008707791200585846,-0.004853373436325081,-0.0007821666014861117,-0.004133298889176018,-0.0003065090402346593,-0.001981910312505497,0.009574772168008838,0.008130004192092644
2023-04-14,0.009621227834605284,0.0010450807607009782,0.011741682974559797,0.009597924773022237,-0.00830323751394857,-0.005392629149309269,-0.009483965360433277,0.004032220129490005
2023-04-17,-0.002483303478426957,0.0020879794142873997,-0.0181818181818183,0.0028263103802672607,-0.00651054773443005,-0.002568069522555061,0.002735421068011723,0.00803205325217582
2023-04-18,-0.0033241317512393564,-0.0045145291536847765,-0.0031520882584711307,0.001793492185498291,-0.00780161604903884,-0.0074410740299529765,0.004092734679317589,0.003984026711383981
2023-04-19,-0.0075042415278199215,-0.004186156204551539,0.002371541501976271,-0.001023017902813228,0.0031437251319308412,0.003459817893206818,0.0,-0.011904651683853684
2023-04-20,-0.0012601634925157867,-0.004203753774497221,-0.0055205047318612754,0.00486431131592413,0.004079124842306436,0.0008628490855904225,-0.0149449970817368,0.004016026626087799
2023-04-21,-0.0025235070164466578,-0.00844299984144603,0.0027755749405233843,-0.005605095541401206,0.0084292547278777,0.001745237394339405,0.006895952109922998,0.00799992533900773
2023-04-24,-0.003794836822016645,0.0028382970217868397,-0.010676156583629859,-0.000768639508070712,-0.004333791726658709,-0.001451830706044488,0.0,0.0
2023-04-25,-0.013117215793657877,-0.01662281750777328,0.006794564348521215,-0.0005128205128206442,0.010887047334674715,0.010478889819255821,0.0,0.0
2023-04-26,-0.004288804355933373,0.0014390530625481013,0.0027788805081381263,-0.0038481272447408177,0.00799797375152056,0.004899071499400165,0.012328661980389288,0.007936434455902308
2023-04-27,-0.0008614554852243161,0.006466433240907454,0.00039588281868563335,-0.0066958537213493985,-0.007630156814586453,-0.007455966325668029,-0.005413200817587671,-0.003936971710019832
2023-04-28,0.012070775228670172,0.007490674361784633,-0.005540166204986208,0.01607466943220115,-0.0015370515001409402,-0.0020196472395836995,0.0013610628042342032,0.003952532719519564
2023-05-02,0.0025520408919179616,0.00743997125805862,-0.001591723040190951,0.00969635110997702,-0.005546904020344523,-0.007527177604469526,0.004076052477986147,-0.011810915130059607
2023-05-03,-0.004245037296476406,-0.0007033358924192212,0.015145476285372661,-0.009350518069244362,0.011460978439281178,0.006998160964721389,-0.005413200817587671,0.0
2023-05-04,0.0025601068566338814,0.0010557463829534708,0.013741656851197437,-0.0071428571428571175,0.004900324557727931,0.0002927584115766102,0.008163200482804056,0.007968053422767962
2023-05-05,0.002549868620702389,0.000703088638681626,0.0007745933384972759,-0.006166495375128478,-0.00548421521304332,-0.008107731437929089,-0.0026985089674619323,0.0
2023-05-08,0.0063676868500806005,0.007025946523640858,-0.011222910216718285,0.013702171664943252,0.0030627980187747372,-0.00029155235823696835,0.006765316341327043,0.0
2023-05-09,0.0029527847878396685,-0.0010465390511379402,0.001956947162426559,0.0015302218821728886,-0.006719706415778681,-0.009051300070274104,0.0,0.0
2023-05-10,-0.009252859060304486,-0.003492118141799616,0.0,-0.0017825311942959443,-0.0012303544490687157,-0.0002943011942246887,0.0013445984639886,-0.003952532719519564
2023-05-11,-0.002122562283360274,-0.004906098072604337,0.0011718749999998224,0.004846938775510123,0.005234555205632985,0.005894850341028768,-0.0013427929466549582,0.0
2023-05-12,-0.0029742087273049167,0.0017608166221088073,-0.01053452984783454,0.0005077430820004114,0.006432752692449695,0.008494268396314508,0.002689196927976978,-0.00793643445590253
2023-05-15,0.0,-0.001054632958022661,0.0019716088328076697,-0.001776198934280493,-0.0030422920953345756,-0.0069717354516593,0.0,0.003999962669503754
2023-05-16,0.011943455031166561,0.008094055602642758,0.00039354584809125903,0.0007625826131163471,-0.0018337776172926423,-0.007020681787774041,0.004021412063297314,0.003984026711383981
2023-05-17,0.01644062638639876,0.0038399889864590975,-0.012981904012588585,-0.0002540005080009511,0.00031210211413701394,-0.0020636541570929756,0.017355283028571478,0.007936434455902308
2023-05-18,0.013274511855076998,0.010084881494071052,-0.005579912315663682,0.006351626016260159,-0.00031200473679904306,-0.00029490978603063933,-0.011810933155633196,-0.003936971710019832
2023-05-19,0.0028657579306736736,0.008946495592214276,-0.0084168336673347,0.012623074981065407,-0.004319776988852997,-0.0023635284458644046,0.0013285276905785626,0.007905065439039127
2023-05-22,-0.0016328964743634877,0.001364918705634155,0.006871463217461571,-0.006980802792321161,-0.004958306766735254,-0.001478478342964329,0.003978746988847259,-0.015686130986147462
2023-05-23,-0.0008177835931277855,0.0006815291209714136,-0.006824568446407109,0.006025608837559648,-0.004363717070760997,-0.0008884004866579476,0.0,0.007968053422767962
2023-05-24,-0.004910717462938363,0.0020431948661132626,0.007679870654810017,-0.009982530571499892,-0.0062560673066551775,0.003856729636110501,-0.0013215071040645343,0.0
2023-05-25,0.011926133072043266,0.011894334276264518,-0.010830324909747224,-0.0037811948575749987,-0.004092043851079974,-0.0032513962505780203,-0.009258158404681471,0.011858520354713464
2023-05-26,0.023567619525537875,0.011749791871641602,-0.005271695052716963,0.0010121457489877805,0.004424923435746075,0.0,-0.004005305081126953,-0.007813333065992856
2023-05-29,0.006349217309644217,0.017261047631515147,-0.0012229922543823823,0.011627906976744207,0.0012586942132619683,0.0029657810960899145,0.0013394275199154482,-0.007873943420039664
2023-05-30,0.0,-0.004242039855871793,-0.006122448979591799,0.001999000499750103,0.000314277973448851,0.002067417009753436,-0.00535366873198051,-0.003968217227951265
2023-05-31,-0.004731011626829873,-0.0009831026349920169,0.012731006160164204,-0.002743142144638444,0.0,0.0038386693559842033,0.0,0.003984026711383981
2023-06-01,-0.007928245927294575,-0.0006560467179183016,0.0028386050283859543,-0.001750437609402411,-0.0015708961691800472,0.0020552621432035068,0.0026912423862035517,-0.00793643445590253
2023-06-02,0.012783093932634104,0.015098980148493313,0.005256773150020155,0.010521042084168375,-0.0012586942132618573,0.0029335969216648383,0.008053623974103141,0.003999962669503754
2023-06-05,-0.0031562949214528624,0.005492503597908538,-0.01729686242960582,0.011403073872087166,-0.012606426706358254,-0.00731078032108301,-0.0053267056493856435,-0.003984026711383981
2023-06-06,0.0027705025794928506,0.001607950067488595,0.008595988538681931,0.0009803921568629637,-0.004467298494762462,-0.0011772047768984217,0.0013391985123489825,0.003999962669503754
2023-06-07,0.011051392406800975,0.009953286031483488,0.0012175324675325339,0.0004897159647403448,0.0076925910916259,0.006194709114919705,0.008021323612030118,-0.003984026711383981
2023-06-08,-0.009759459037428808,-0.006994008973107646,-0.007701661937576043,-0.006118453255017142,-0.012726767525354954,-0.011434639796497947,0.0,0.0
2023-06-09,0.007490290047341475,0.017288025539743623,0.007352941176470562,0.0051711401132725765,0.005802908490317948,0.00533911975902579,0.007957493977694297,0.003999962669503754
2023-06-12,0.009391077115714408,0.0,-0.0032441200324412334,0.009064184223419813,0.0006406385767514511,-0.0002981980318930155,0.0026310454143319006,-0.003984026711383981
2023-06-13,0.019767002858529725,0.013213301064687988,0.0012205044751831817,0.01966496722505462,0.0028810278977695614,0.0032456464304990718,-0.0013113046408848028,0.003999962669503754
2023-06-14,-0.00038014015602272355,0.003727246081360658,-0.006095083299471726,-0.005714285714285783,-0.005110782540422076,-0.002350259448821612,0.003942147074297964,0.0
2023-06-15,0.0030422777401166723,0.011449666360122013,-0.006950122649223345,0.00047892720306519365,0.0019286936511682118,0.0014723726131598003,-0.0013093984864759323,0.0
2023-06-16,-0.002653919063710597,0.0027535270138665524,0.010292301358583833,0.010292005744375388,0.007364984486052162,0.009714000276328294,0.011795447660952085,0.0
2023-06-19,-0.0022808409361364523,-0.0015255366236220924,0.0008149959250203231,-0.0018952854773749417,0.0022251289770982563,0.006999631598336942,0.02072572548355489,0.0
2023-06-20,-0.005334128482920919,-0.00763933720679999,-0.004478827361563464,0.00023736055067646866,-0.0041232077170698656,-0.002316992439287846,-0.0076141492817664025,0.003984026711383981
2023-06-21,0.0,0.010777404315298611,-0.006543967280163598,0.0,0.011469048577808616,0.011025161954984375,-0.010229594921177032,0.0
2023-06-26,-0.006128838851508833,-0.001827855487857244,-0.0057636887608069065,-0.0033222591362126463,0.005037947470711623,0.0011502511208902888,-0.01550524382188212,-0.01587286891180484
2023-06-27,-0.006548696293317224,-0.018006826173302293,0.0008281573498967187,-0.004285714285714226,-0.001879760168530198,-0.0031535183811478573,0.0,-0.016128880517960575
2023-06-28,0.0015518206904927556,0.0037295629144871167,-0.00579230450972279,0.009086561453849784,-0.0015694169345499276,0.0014363788025100188,0.0013128365388297425,-0.004098321466751598
2023-06-29,-0.00038735406856504895,0.007121767838218496,-0.006242197253433335,0.0016587677725119487,0.0025150142011578502,0.0028720933447619057,0.0,0.006078685905437142
2023-06-30,0.00038750416988198033,0.004304334646862751,0.0016750418760469454,0.004968062455642075,-0.009097659263104019,-0.005441693921086843,0.0,-0.008509895127018607
2023-07-03,0.01239196189783276,0.017445370035011454,0.005434782608695565,0.014595103578154633,0.0057000472882033915,0.009792506964946712,0.0026207006281726564,-0.01287584630992511
2023-07-04,0.0022956764759702875,0.020159342289274074,0.0020790020790020236,0.0002320185614848036,-0.00031467355331549207,0.0019937271373371424,0.005229226907554008,0.004347932075140504
2023-07-05,-0.0015269456108611967,-0.005898798223713975,0.0004149377593360981,0.0004639294827186724,-0.0015738630196461267,0.0002842514426615317,-0.014303669499166727,-0.004329109401516873
2023-07-06,-0.022171246197576377,-0.010977530953963033,-0.002903359601824973,-0.0013911430558776194,-0.006308999655741054,-0.008531967488136671,-0.02374649462007916,0.0
2023-07-07,-0.0015639555836615138,-0.007799560588135912,-0.0037437603993344393,-0.0030183422335733345,-0.010473571735943432,-0.010331991187419232,-0.010811765800810558,-0.004347932075140615
2023-07-10,-0.001958006715111593,0.0030234122827188514,0.004592901878914368,-0.002561714019562178,-0.00577131442976031,-0.0023203556250305235,0.006831609749874401,-0.00436691914295162
2023-07-11,0.013729524277442895,0.018688652650884707,0.0024937655860350905,0.004436142890497319,0.0038698772314809116,0.006393195513571648,0.014924711222755738,0.008772145536170228
2023-07-12,0.0019352775861196658,0.014790827936285611,0.006218905472636704,0.003951650395164874,-0.0003212465844473211,0.0025994154790327517,0.0,0.0
2023-07-13,0.011202929221673541,0.015162529004702385,0.006592501030078246,0.005325306783977801,0.002249448718848468,0.004609972097537218,-0.0013374074582703788,0.0
2023-07-14,0.010311435927248702,0.020676653707517145,0.0016373311502251298,-0.0025333947489636355,0.003530599759712816,0.0,0.012048098635017546,0.013043796225421511
2023-07-17,-0.001887357009690005,0.01125652997645643,-0.003269309358397976,0.001385361348418268,0.0025560044069041776,0.00171821898666491,0.0013232557959994562,0.0
2023-07-18,-0.0019238688211361543,0.004864034365715808,0.002460024600245969,0.004150334332487793,-0.0006373719761462171,-0.003189441090058698,0.0052844864009671255,-0.01287584630992511
2023-07-19,-0.008469457472827346,-0.021362904138014338,0.006952965235173858,0.01148105625717566,0.007653341739302544,0.006402747687512811,0.003942147074297964,0.0
2023-07-20,0.004660375160200347,0.01018724442212493,0.004874086108854536,0.00022701475595932052,0.0053835800807537915,0.006077044564993361,0.0013078706002607188,0.004347932075140504
2023-07-21,-0.01662331637978165,0.015844834252617623,-0.006871463217461571,-0.0009078529278256919,-0.004092043851079974,-0.003453571306692216,-0.011764616124085414,0.0
2023-07-24,0.00039422079059803217,0.02070111933632135,-0.005291005291005235,0.004997728305315752,0.004424923435746075,0.005194885246800007,0.009259702460452823,0.004329109401516762
2023-07-25,0.012573045250164228,0.0016704464163406207,0.00040916530278223284,0.0024864376130198096,-0.0034614090864701907,-0.000572333793244395,-0.009174747032779429,0.004310448996242666
2023-07-26,-0.0027175540018228306,-0.0008319309535297359,0.0004089979550103706,0.002480270574971799,-0.0031612950058071965,-0.0022974635865655735,0.009259702460452823,0.004291948769975074
2023-07-27,0.007784644838086718,0.0022203297037532987,0.00613246116107935,-0.00044984255510582827,-0.000950303842358724,0.001725357285620177,0.001311115258811446,-0.00427360666908827
2023-07-28,0.0,0.013296258080179646,-0.011377488825680682,-0.005400540054005254,-0.009829147047247022,-0.006609867734431951,-0.006545464546164226,0.0
2023-07-31,-0.00540782048948385,-0.022964063898050724,0.0012330456226881115,0.012217194570135703,0.0,0.002602485751562078,-0.007905077551271678,-0.004291948769975074
2023-08-01,0.005047900146745166,-0.0002797159924745607,0.002873563218390718,0.007152436298614173,0.008966068069976574,0.008369347095042112,0.015936131457582547,0.004310448996242666
2023-08-02,-0.012359371999549729,-0.03414639755314164,-0.006139991813344237,-0.005770084332001879,-0.008569020928255844,-0.009155680529236432,-0.003921538708028582,-0.004291948769975074
2023-08-04,-0.004693183151472491,0.006666746032690796,-0.007001647446458037,-0.006696428571428492,-0.010887562643039472,-0.013572520444465774,-0.026693321690908878,0.004310448996242666
2023-08-07,0.009821323318906616,0.02763356551835594,0.0008295313148070083,-0.004269662921348227,0.008738221628679543,0.0014627909077642443,0.008439309997481548,-0.004291948769975074
2023-08-08,-0.011670296610310715,-0.003080322378944955,-0.0020721094073767876,0.005190701873166281,-0.0012833372669341925,-0.0014606542759699748,-0.009762424265125857,0.004310448996242666
2023-08-09,0.0015726135757723192,-0.006745317141493845,-0.0008305647840531893,-0.00022451728783112745,0.005143637840632209,0.007025565832539993,0.0014074806097086334,0.004291948769975074
2023-08-10,-0.0062873161987681,-0.026025545168925746,-0.00831255195344971,-0.00651246350774759,-0.0025568213127219463,-0.0011627586016533797,-0.005625157391085378,0.008546254915510199
2023-08-11,-0.0007934301272878308,0.003774665590084769,-0.0016764459346185756,-0.002712477396021762,-0.005771277673221276,-0.0043662842713591,0.022631080777351764,0.0
2023-08-14,-0.014252361819958814,-0.008099476149341034,-0.0004198152812763256,0.0011332728921125135,-0.0006445638081127303,-0.0008777803606185852,0.006915509438401246,-0.008473835358425053
2023-08-15,0.0016076395582607095,0.016626850645978353,-0.0029399412011760218,0.010867104369481462,-0.0009674693078701724,-0.001170244535965037,-0.006868013625351943,0.0
2023-08-16,-0.005213864686979153,0.008322854448286732,-0.0012636899747261454,-0.014109742441209328,-0.0006530248780215464,-0.00409891634247328,0.00276589421808926,0.008546254915510199
2023-08-17,0.004436183224040935,0.005405342208435027,-0.005482918599747033,-0.006133575647433109,-0.008803032609462469,-0.006765389690635226,0.004138169481270326,-0.012711228188212798
2023-08-18,-0.006019496288550474,-0.013869023392832913,-0.0008481764206954567,-0.009828571428571409,-0.0022999011117437185,-0.005033038099254927,-0.005495333193964558,0.00858293500378271
2023-08-21,-0.006862256550807855,0.0002869417901236737,-0.0004244482173173525,0.0013850415512466352,-0.004287527125554691,-0.0029778726049850546,-0.002762076549861825,-0.004254470390966603
2023-08-22,0.008129231433957607,0.007462276013832092,0.001698513800424628,0.005763024435223585,-0.006624888768230641,-0.005073606264061392,-0.005539453494319502,-0.00427360666908827
2023-08-23,0.006853955108840681,0.009111510693153635,0.0038151759220008685,0.0018336007334402993,0.008669412233588192,0.009301563674046553,0.005570309967332543,0.0
2023-08-24,0.01722249875559978,0.009315269698316753,0.008445945945945832,0.009608785175017287,0.007270291526648265,0.010104966040398677,-0.00692509183341361,0.00858293500378271
2023-08-25,-0.019293201314785957,-0.017336524652943996,-0.004606365159128933,-0.01790165420348966,-0.005577742826081256,-0.00235426439716524,-0.008368684078274069,-0.008509895127018607
2023-08-28,0.006424528139570729,-0.0022798307079556768,0.0008413967185527671,0.007152745731425769,0.005278422709615427,0.00501724349211341,0.0,0.004291948769975074
2023-08-29,0.005583440466095935,0.0028553237530906106,0.004203446826397617,0.008705612829324139,0.00032886992073488663,0.00381469301301518,0.018284122387308033,0.004272648246421928
2023-08-30,0.004362387582665939,0.005402268407440847,0.005860192549183685,0.014762661821485334,0.0052489810252138724,0.006725827106679683,0.00552569874972364,-0.004254470390966603
2023-08-31,-0.007109293539344752,-0.0011312085723914622,0.004161464835622075,0.0029095792300806167,0.0048945279400616215,0.0020304673522224537,-0.028846272088933644,-0.008547213338176651
2023-09-01,0.0015922915359645184,-0.0053793258583845205,-0.0033153750518026825,-0.0013389868332961408,-0.0009726583158586877,-0.0008669625348334264,0.0,0.004310448996242666
2023-09-04,0.0067505233953464305,0.0042698048757663365,0.0029106029106029663,0.0017877094972067464,-0.009103024469699905,-0.01073624913056348,0.0014134532895631047,0.00858293500378271
2023-09-05,-0.002366959944275049,0.0045350945652637975,-0.0033167495854063977,-0.0026767789426722643,-0.001640073074782089,-0.0011729899060215487,0.002826077679202399,-0.004254470390966603
2023-09-06,-0.003558863604010254,0.0048006493631989056,-0.004991680532445808,-0.0015656452695146372,-0.004273440306549969,-0.004401264274488392,-0.009860244898473813,0.0
2023-09-07,-0.00912622283902742,-0.0042160818904665165,-0.006270903010033524,-0.007840501792114707,0.0,0.0,-0.0014214969174369818,0.0
2023-09-08,-0.004404318497794546,-0.0008460138838990439,0.003786285233487563,0.0009031384059607905,0.0046224961479197635,0.008844942247112408,0.008545904947729888,-0.00427360666908827
2023-09-11,-0.004023832674762584,-0.017785201166090614,0.0004191114836546994,0.0029325513196480912,-0.005259613945832631,-0.00467686927317712,-0.004235955358088406,0.004291948769975074
2023-09-12,0.010098492323137753,0.000287354059564926,-0.0029325513196480912,0.003823661718398652,-0.0013199756312191058,0.0008819049146155944,0.0028365124389087004,0.0
2023-09-13,0.0011995667850239755,0.0017236290655806563,-0.00546218487394956,-0.005377548734035398,0.00033137146364525805,-0.0008811278436399173,0.002828489393560396,-0.00427360666908827
2023-09-14,0.013977036991394076,0.012908903057516463,-0.0008449514152937265,0.0020274836674925023,0.0003312616929729284,0.0017638098292311888,-0.004231556584639917,0.004291948769975074
2023-09-15,0.003149845546158936,0.007648183556405508,0.0029598308668077333,0.009892086330935301,-0.003303993768321467,-0.0014684134523373915,0.007082036228070798,0.004272648246421928
2023-09-18,-0.010601134826242253,-0.007590132827324569,0.005059021922428464,-0.012243989314336678,-0.004643945314712239,-0.004697469708638491,-0.0028125786955426335,-0.004254470390966603
2023-09-19,-0.004364123705729583,-0.004813081031186051,0.002936241610738355,-0.0015776425512733505,0.0026666059757767258,0.005605447893142879,-0.0028205116063974023,0.0
2023-09-20,-0.005578995917391194,-0.002564322403136421,-0.0012547051442911572,-0.002031602708803537,-0.0029924262486097364,-0.00293159155478806,0.002828489393560396,0.0
2023-09-21,-0.016033833553210197,-0.009982808470735405,-0.0020938023450586263,-0.007238181406921562,-0.0019996736775401702,0.000879968153533639,-0.015515181360316821,-0.00427360666908827
2023-09-22,-0.000813533283287593,0.005473883615841446,-0.0020981955518253326,-0.012987012987012991,-0.02504030173069316,-0.010285179990649929,0.0,0.004291948769975074
2023-09-25,0.007338244132899074,0.005448008415367411,0.000420521446593769,-0.00023084025854103185,-0.000686347151269362,0.005047976931591425,0.007163206641196851,-0.00427360666908827
2023-09-26,-0.011735444302603093,-0.009123204247345362,-0.0050441361916770955,0.0,-0.015418295909527258,-0.008866753182982023,-0.0028445856567299588,-0.004291948769975074
2023-09-27,0.00040717612824625604,0.003163621893996993,-0.009716941275876634,-0.007850380974370852,-0.0006975739487837807,-0.002087889532949694,0.0028527004073917173,0.004310448996242666
2023-09-28,0.004094665005877074,0.005447204920157489,-0.010665529010238872,-0.0006981615080289272,-0.0066196797645631245,-0.006868989191182728,-0.0028445856567299588,-0.004291948769975074
2023-10-02,0.01304460254672013,0.01939745247311664,-0.01681759379042691,0.00628784350256173,-0.0028028651510433322,-0.005116852046919362,0.0028527004073917173,0.004310448996242666
2023-10-03,-0.006036460219727147,-0.0039160238946428505,-0.01403508771929829,-0.0037028465632956697,-0.004924806611252608,-0.010885716131532996,-0.0071122600527530055,-0.004291948769975074
2023-10-04,-0.012954833336225269,-0.005900975930634544,0.000889679715302405,-0.011149825783972056,-0.024379742964518725,-0.021706236460816708,-0.030086109182788312,-0.008620897992484888
2023-10-05,0.014355429608117642,0.008478347515507467,0.003555555555555534,0.0054028658679821095,0.014847381293124462,0.013749642998883482,0.013294720295151663,0.0
2023-10-06,0.0036394516559505874,0.0028010774555473628,-0.003542958370239102,-0.004439252336448596,-0.006063389239516104,-0.007087086647592167,0.0014583537241852351,0.004347932075140504
2023-10-11,0.017326587349553613,-0.00027932533365992995,0.020444444444444487,0.021591175780333316,0.012564652969436763,0.012727681417364023,0.01892284587092008,0.008658218803033746
2023-10-12,0.00831375690832803,0.005588067562033228,0.010017421602787513,0.009648518263266848,0.01950348882284536,0.01165079630754895,-0.007144330177081493,0.0
2023-10-13,-0.0027472804953185825,-0.00722411896578623,-0.0017248814144028568,-0.004550625711035372,-0.014258668081971626,-0.012120863350753353,-0.007194128766532248,-0.004291948769975074
2023-10-16,-0.005513073715838646,-0.005601285113463472,0.023326133909287394,-0.00388571428571427,0.0031742460161203745,0.002759745579127948,0.0,0.004310448996242666
2023-10-17,0.002376329046888337,-0.007036225961167819,-0.0029548332629801832,0.0064249655805415085,-0.012312350801864769,-0.010707244545622996,0.004348079935906135,0.0
2023-10-18,-0.013831314855455301,-0.010491288968615398,0.011854360711261558,-0.0015959872321021917,-0.005697624435306747,-0.00371047300273053,-0.010100520770255583,-0.004291948769975074
2023-10-19,0.00040180227207176067,-0.0014832545272617237,0.003765690376569042,-0.010047956154373039,-0.011819453564393179,-0.01512924508492941,0.0,0.0
2023-10-20,0.004404318497794435,-0.00742728919663449,0.017507294706127663,-0.00968858131487893,-0.005072412924953751,-0.0063997546324349175,-0.014577012169260328,-0.004310448996242444
2023-10-23,-0.012358674996924002,-0.00958123661299326,-0.004096681687832948,-0.00791986955508961,-0.007649484365018111,-0.008048395779297723,0.0014782712338019532,0.0
2023-10-24,0.0008063064933625519,0.011788596761234116,-0.0004113533525297308,-0.002582765907490181,0.01871932714093405,0.01752907914460833,0.004431573431717295,0.0
2023-10-25,0.002015871094898092,0.004480336301786458,-0.0012345679012346622,0.0030602636534839966,0.006487591097104728,0.008298399248109156,-0.005881597872487432,0.0
2023-10-26,-0.01972476431046144,-0.015465701699181933,0.008240626287597808,-0.014550574982398423,-0.01611239537339415,-0.01329022855642159,-0.004438124499241747,-0.004329109401516873
2023-10-27,0.0045164606156185005,0.0009068827204883334,-0.001634654679198988,0.000952607763753166,0.012373355433543898,0.00930063428751371,0.0,0.004347932075140504
2023-10-30,-0.0024530847540782386,0.0030175424591374345,0.007367990176013084,-0.007137758743754552,-0.0035937800590232216,-0.0054041606465680125,0.0044579092555241395,0.0
2023-10-31,-0.0069663276597986545,-0.01625207428837483,-0.00406338886631441,0.0035945363048168755,-0.0010844873127308086,-0.0006385791427354626,0.004438124499241747,0.004329109401516762
2023-11-01,0.004952736740816199,0.006120376850170084,-0.008567931456548328,0.008595988538681931,-0.011917637527809832,-0.004155285096651529,0.002945127026114047,0.00862089799248511
2023-11-02,0.022585823312399667,0.0191540688324221,0.00411522633744843,0.011126893939393812,0.01791310645063282,0.02118582058469265,0.017620515584535035,0.008546254915510199
2023-11-03,0.007631984797995095,0.005073298511937496,-0.0012295081967211852,0.013345820650901397,0.015079219053460102,0.016347902772419154,0.010102135561745662,-0.004237392829787745
2023-11-06,0.008769921935054104,0.016324528005652095,-0.0016413623307346414,0.00508317929759694,0.0017682860514858234,-0.0003073096307223411,0.0028567728857562535,0.0
2023-11-07,-0.0003962448183369993,-0.0002935167555584428,-0.006165228113440113,0.0002298850574711242,-0.004941657083577966,-0.0027847194847184786,-0.007122384500365064,0.004255424736052005
2023-11-08,0.005532686215717231,0.009059195759755667,-0.002067824648469885,0.0048264766720294006,0.010999179708493623,0.01116998320875906,0.005738139198844028,0.004237392829787856
2023-11-09,0.00039422079059803217,0.0002871384926377285,-0.009117281392457488,0.0013723696248857387,0.018953216491136793,0.013499797359577181,0.004279848792511087,-0.008439026190505516
2023-11-10,-0.003930550175982317,-0.003471464713154515,0.004600585529067391,-0.002740977615349527,-0.01412113581002361,-0.01029432060668889,-0.008523219494361078,-0.004254470390966603
2023-11-13,0.015385239637787596,0.003195501716814153,-0.01248959200666111,0.011681172698122078,-0.005940231641182958,-0.00030392528443834443,0.0,-0.00427360666908827
2023-11-14,0.002331095481670875,0.004050567002810146,0.004215851602023646,0.0029431741000678358,0.0063239461423927334,0.006119697126854007,0.002866565236002705,0.0
2023-11-15,0.01201709038234089,0.004327832347019722,0.011754827875734675,0.015801354401805856,0.01432241949853652,0.014902239601848555,0.007142731535287661,0.012874883773757784
2023-11-16,0.00038082106334447197,-0.0017236731703056396,-0.003734439834024883,-0.006000000000000116,-0.008697186550338243,-0.008091295027531364,0.00850953731672588,-0.008473835358425053
2023-11-17,0.0030618172032776947,0.0014376067270867043,0.011245314452311472,0.0015649452269170805,0.0017562804827397915,0.00271909937778525,-0.0014055023923444931,0.0
2023-11-20,-0.0003795140910964889,0.002297628315895528,-0.0020593080724876645,-0.008928571428571397,-0.00455279544799414,-0.0018101650983264328,0.0070421314268511725,0.008546254915510199
2023-11-21,0.012217792876827227,0.011461806608063174,0.0028889806025589326,0.0006756756756756133,0.004220580885211156,0.005736704323344055,0.005593683238514169,0.0
2023-11-22,-0.009053548506002818,-0.007083856225065133,0.0037037037037037646,0.00045014629754680513,-0.002452974775045136,-0.0015014172256054836,-0.0013898637995731766,0.0
2023-11-23,-0.0003817653220042905,-0.002282553743765514,-0.0020500205002050853,0.0074240719910010355,0.00772943799224679,0.012324512710971236,0.009748821725143797,0.004237392829787856
2023-11-24,-0.0007605580472264117,-0.0008583885739783526,-0.0008216926869351049,0.0020098258150960113,-0.0059255067919353754,-0.005046088067077514,0.0013799043328068805,0.004219513095252703
2023-11-27,-0.006477830661731909,-0.005434823746697792,0.00945723684210531,-0.0026743926899932546,-0.0059608277170583035,-0.005075168300254673,-0.008264934144104452,0.008403567228537856
2023-11-28,0.006904760339056626,0.004315298379670152,0.0,-0.003351955307262511,0.00775816476258262,0.0071975739302680974,-0.0027774194400709273,-0.004166767900094848
2023-11-29,-0.0007641115733514336,0.0054448317672022295,0.014663951120162944,-0.005156950672645877,0.0035000078917877264,0.0002993511737350296,0.005570309967332543,0.004184202500762568
2023-11-30,0.0015261238415182898,-0.0002864066144854238,-0.0032115616218386656,-0.00022537750732476436,0.006629573560348545,0.01071774064459552,0.01108045691966697,-0.004166767900094848
2023-12-01,0.003426099043629005,0.0014249041582321542,-0.000805477245267805,0.005861136158701541,-0.0020820231170971537,0.0011774669999380372,0.01780822547785732,0.004184202500762568
2023-12-04,-0.003794862789858189,0.0017089577239994824,0.023780733575171187,0.0026893769610041307,0.011805783894656141,0.010887357460212632,0.001346474766400041,0.008333535800189473
2023-12-05,-0.007233461942719899,-0.003979512462750745,-0.027165354330708547,-0.0017881090746536543,0.006522647436591811,0.005238772358332033,-0.005377152741219859,0.004132330972001386
2023-12-06,0.003452380169528313,0.007417356463211178,-0.003642250101173583,0.006269592476489061,0.015339970019602633,0.009553234834281943,-0.00945899965974828,0.004114402161122355
2023-12-07,-0.0061175406634598195,-0.0016965021346716513,0.0012185215272135785,-0.0055629728526924715,0.0110841494391678,0.006308556104919205,0.010914170559677583,-0.008196005584718002
2023-12-08,0.008077251492643045,0.004820551681190777,0.0,0.0015663459386887624,-0.0023250676740712573,-0.003704110830193841,0.0,-0.004132330972001275
2023-12-11,0.001144647464932813,0.0014112270955601858,-0.01379310344827589,0.008042895442359255,-0.004660972424456178,0.0005717247028536043,0.0,-0.004149477988410477
2023-12-12,0.0022866774902734477,0.003101815606009639,-0.006581653640477136,0.0050975177304966035,0.0,0.0014301658056712352,-0.0013501085070427576,0.0
2023-12-13,0.0003813298307482338,0.013491314269573618,-0.005797101449275255,0.005953693495038603,0.003344317676245989,0.004851615314287239,-0.010810933424067137,-0.004166767900094848
2023-12-14,0.012162065303090497,0.013586757220600543,0.027488546438983796,0.008768084173608193,0.021333042729968055,0.021022885757169263,0.008197197481830898,0.0
2023-12-15,0.004129770722082204,-0.005195425420681188,0.0008107012565869987,-0.0013037809647979959,0.009139409102616014,0.01418958693113992,-0.0013555970692418207,-0.008368405001524803
2023-12-18,0.0014970155856313117,0.0005491687912104748,-0.0052652895909276465,0.0026109660574411553,0.016169961425435808,0.005486752906920689,0.006784149263431072,0.0
2023-12-19,-0.003735344295037857,-0.0076986827183110895,-0.0004071661237784463,0.004123263888889062,-0.006365061766932523,-0.0070928997649519765,-0.005390144511372985,0.0
2023-12-20,0.002624865865177739,0.013022264225587499,0.008146639511201537,0.00713205100497083,-0.001603264303898011,0.0,0.006774952690572045,0.0
2023-12-21,-0.008597402514171404,-0.006563032229369825,-0.002424242424242329,-0.014163090128755496,0.0028897866476667033,0.0002730230720555671,-0.008075836350601717,-0.004219513095252814
2023-12-22,0.002637464930766553,0.0010992450879758753,0.0052652895909275355,0.0017414018284720445,-0.008637166865014922,-0.008515994785077141,-0.008140068084434238,-0.004237392829787745
2023-12-25,0.004139211615582061,0.007700810075771836,-0.0004029008863820627,0.004128639721860061,-0.006453373106095062,-0.004155304085347256,0.004102670869353009,0.004255424736052005
2023-12-26,0.005618193959317841,0.009547038830397536,0.006045949214026791,-0.003895260766067943,0.003247644816766204,-0.0005561355409638979,0.0013629856398638118,0.00847478565957549
2023-12-27,0.011170419936278542,0.011354538956397375,0.0008012820512819374,-0.0008689984792525918,-0.0019451986803304955,0.0,0.005442999237218915,0.004201783614268928
2023-12-28,0.0,-0.00240655600985229,0.008006405124099336,-0.005870841487279899,0.0025962153761769358,0.002782224999023697,0.004058257190535208,0.004184202500762568
2023-12-29,-0.002210035455283088,0.0018739195737806913,-0.006751389992057155,0.0006561679790026975,-0.0019402957856921033,-0.0005549011399811343,0.004043362460825595,0.0
2024-01-02,-0.004059651243367046,-0.006148678511446959,-0.0011995201919232645,0.0008743169398905959,-0.00777992567229302,-0.007220966778357929,-0.005368437970808548,0.004166767900094737
2024-01-03,-0.01741995336040214,-0.013181019332161648,-0.0024019215372297342,-0.001747106355099337,-0.0003277794964717806,-0.003358755657884349,-0.014845152823523722,-0.004149477988410477
2024-01-04,-0.000378308991143661,-0.0024551068746596627,-0.009630818619582704,-0.005031721723911753,0.001959953580046747,-0.0039279256811523,-0.0068491995726149835,-0.008333535800189584
2024-01-05,-0.0026394612393824124,-0.0010950487893025551,0.0,-0.006156552330694676,-0.01010784396636355,-0.007330074058455982,0.004138169481270326,0.004201783614268928
2024-01-08,0.004540471819886038,0.0005499336099885621,-0.004051863857374438,-0.0013274336283186638,-0.01219086390954549,-0.007666293861323115,0.0027468980189133685,0.008368405001524915
2024-01-09,0.0018822359542580713,-0.0021876774097899787,-0.0024410089503661414,0.012848914488258645,0.006670777931532479,0.015451039935252764,-0.0068491995726149835,-0.004149477988410477
2024-01-10,-0.005262292916044964,-0.006852839706607106,-0.002039151712887488,0.001312335958005395,-0.0039781853498188635,0.005635166601345665,0.0,0.0
2024-01-11,0.004156300212512232,0.004141534666652014,0.001225991009399241,0.008955875928353008,-0.0016613849875302122,0.003641841881181662,-0.0027582651484631127,0.004166767900094737
2024-01-12,-0.0015065925522065315,-0.0016497812404610013,0.0016326530612245094,-0.0038969473912101593,0.001998482355504372,0.003351258924725542,0.004149615220311764,-0.004149477988410477
2024-01-15,0.0026397074028123857,0.002475121390144608,0.010187449062754705,0.009780482503803478,0.007648068862612156,0.008624979266876664,-0.005510469892796133,0.004166767900094737
2024-01-16,-0.010150779354281547,-0.0013724792494208549,-0.002016942315449799,0.0023676280671545147,-0.0049483953060937,-0.0008286820730594169,-0.013850183666826887,-0.012448433965231431
2024-01-17,-0.009327052358458321,-0.013456420250439804,-0.014551333872271588,-0.0019325746188534332,-0.009620705643050398,-0.008393734227460259,-0.01264117789436292,-0.004201783614268817
2024-01-18,0.0066676306086637105,-0.0019864742845561167,-0.006972928630024522,-0.0032271944922547258,-0.0006682498272744253,-0.0011260345035196684,0.011379934448775941,0.0
2024-01-19,0.03585617053226042,0.015088849170593388,0.006195786864931829,0.006691128858191231,-0.014412869199906253,-0.011302361799385485,0.005626731301939136,0.004219513095252703
2024-01-22,0.006769213315307221,0.013744079277653753,0.0012315270935960854,0.00793310463121788,0.005443136473230803,0.006857621153503857,-0.01258813494330413,0.0
2024-01-23,0.0018687376160917424,0.0016615230029426442,0.0020500205002049743,0.0027653690704105838,0.001349604840277685,0.0014204405984179491,0.012748616244935729,0.004201783614268928
2024-01-24,-0.00037180063987207745,0.0008275921367999484,-0.002454991816694063,0.004030547305897247,-0.004724865126231159,-0.005667166710788263,-0.0027968416192571954,0.004184202500762568
2024-01-25,0.01231461657472388,0.0016573952762444222,-0.00410172272354381,-0.0027466723008661154,-0.0047511208360748736,-0.003135692662676437,0.005609371762918425,0.0
2024-01-26,0.0,-0.006061104221687708,0.0016474464579900872,0.001906779661016822,0.005112042126302008,0.007148391776711671,-0.0027890411129942727,-0.004166767900094848
2024-01-29,0.006264569214381677,0.005821207316240029,0.00164473684210531,-0.0008458447874815089,-0.0023747609942638137,-0.0028384072181317777,0.0,0.004184202500762568
2024-01-30,-0.0025650938591160743,0.0022056195038249182,0.002873563218390718,0.010370370370370363,0.012921699331874148,0.005975323882253303,0.0,-0.004166767900094848
2024-01-31,-0.013218366053685648,-0.004401530905238649,0.0012279983626688473,0.0010473397570172072,0.010743614001892166,0.007359516458554927,0.012586569838872519,-0.004184202500762346
2024-02-01,0.0,0.0027622231059425406,0.005723630417007408,-0.008579200669596054,0.008300603918544036,0.002808906858981164,0.0151937394992403,0.008403567228537856
2024-02-02,0.005580130992795862,0.004133707760795247,0.003252032520325132,0.013296749683410658,0.005272812339866206,-0.0002810731177793624,-0.005441476719949656,0.004166767900094737
2024-02-05,0.006293188166325958,0.0,-0.011345218800648316,0.008956467402624346,-0.013762992841470756,-0.006443877831315059,0.0,0.008298955976820954
2024-02-15,0.04707625669668314,0.011247069037292112,-0.019262295081967196,0.01073492981007429,-0.016943820224719186,-0.01804863927766409,0.005471248390696681,-0.004115325086685884
2024-02-16,-0.007376089348656301,0.005696451944323444,0.004178854993731829,0.007557189542483522,-0.0010134259894237774,-0.00028817680143633506,0.0,0.008263735204605549
2024-02-19,-0.0014168210448313179,0.0018892282502596114,0.00832292967124415,-0.0036488951956212823,-0.0006750314633309218,-0.0017229325637567738,0.014966344755765526,0.0
2024-02-20,0.0039003018726790906,0.006732525290619407,-0.0012381345439538283,-0.003051881993896166,0.0003358355626963405,-0.0005741957111231599,0.020106894756816596,0.004098462364277022
2024-02-21,-0.0031784891680046723,-0.002677775503903801,0.005371900826446341,-0.004897959183673528,0.0003395378470247845,0.003164872242775285,0.009197974827988453,0.0
2024-02-22,0.011330738930283246,0.009654745467382098,-0.0004110152075625928,0.01333059885151755,-0.00033942260020591863,0.00028801175882486874,-0.0039050205742129362,-0.0040817335330110005
2024-02-23,0.006654817630427301,-0.0015914406671649894,-0.0028782894736841813,0.01700060716454166,0.0003395378470247845,0.0022968116018771134,-0.009151336422786982,0.0
2024-02-26,0.0013897589045086534,0.002394416248908904,0.003711340206185465,-0.0029850746268655914,0.013191716563060174,0.01030536367598689,-0.0039580134640369025,0.0
2024-02-27,-0.004166399962758471,-0.004512365119520911,0.0008216926869351049,-0.0029940119760478723,-0.002695082979195962,-0.007366663071578183,-0.00264866699571209,-0.008196005584718002
2024-02-29,-0.00035060040319023766,0.0050652781235305255,0.0,0.002002002002001957,-0.0010152744071590947,-0.001142503432449149,0.018592879689459885,-0.004132330972001275
2024-03-01,-0.0034896975010961784,0.0010595516170202046,0.004105090311987025,0.004995004995004937,0.002368862492632795,-0.0014305868702451097,-0.011734702065791969,0.004149477988410366
2024-03-04,0.029062401013620676,0.006890105396275548,0.017988552739165886,0.00497017892644136,0.0016885843406417855,0.0011454489037359128,0.005277843391992443,0.004132330972001386
2024-03-05,0.008165533752297893,0.0042115753476086315,0.016064257028112428,-0.0029673590504450953,-0.0006735425705244324,0.0011441383517154513,-0.003937233362949488,-0.004115325086685884
2024-03-06,0.004726769004608,0.009696298209600496,0.005138339920948587,-0.005952380952380931,0.008438135401762192,0.00514109184802658,0.007905592889979163,0.004132330972001386
2024-03-07,0.023176571881981634,0.003891089875424525,0.014549744396382236,0.0009980039920158834,0.0053543224765795205,0.005681650627635593,0.003920329541730938,-0.004115325086685884
2024-03-08,0.014115647661554487,-0.00594477694512896,-0.0023255813953488857,0.006979062811565351,0.0006647973110991412,0.0,-0.014321808665648694,-0.004132330972001275
2024-03-11,-0.010033299708220866,-0.0005194419709113607,0.012043512043512061,-0.005940594059405835,0.0,0.0028247759239168335,0.011888236972387611,0.008298955976820954
2024-03-12,0.010463689354428762,0.01456880783482628,-0.0007677543186179747,0.0029880478087649376,-0.001328711298499874,-0.0005653131639992148,0.0,0.0
2024-03-13,0.004855079535473816,0.002308447120262125,-0.008835958509412212,0.007944389275074348,-0.006998022863428877,-0.003946427410441489,0.018277334556594527,-0.004115325086685884
2024-03-14,-0.0009684825039183442,-0.009209203229692431,0.003875968992248069,0.0009852216748766907,-0.0043601441654534945,-0.002261705057994945,-0.0025637714843188553,0.008263735204605549
2024-03-15,-0.013539495144792246,0.007747342189352802,-0.0034749034749034236,0.0009842519685039353,-0.008758476551340322,-0.0042556253741254935,-0.003856261138352246,0.004098462364277022
2024-03-18,0.009151131915359434,0.00871149045923958,-0.006199147617202638,-0.004916420845624381,-0.0020402126675213017,-0.0002825118589279141,-0.015484757823239326,0.0040817335330107785
2024-03-19,-0.002267715168464579,0.008639550822437725,0.004678362573099504,0.0039525691699604515,0.000680194558443592,0.0025630409495080997,-0.0052417911848735566,0.0
2024-03-20,-0.005516330131559943,-0.001764071738917461,0.0,0.010826771653543288,0.002042994011521193,0.003693798220946176,0.007905592889979163,0.0
2024-03-21,0.02741478670705444,0.007569460352783386,0.01940240589833131,0.012658227848101333,-0.0016977606991135374,-0.0019821508459245685,0.0013062889107335884,0.004065140711851045
2024-03-22,-0.0012718990144113818,-0.0032544830341396658,-0.011800532927293439,0.005769230769230749,0.008844887996386053,0.012197915098846268,-0.015665243261958506,0.004048682248811941
2024-03-25,0.0019102782025801623,-0.004522925824668178,-0.0023112480739599928,-0.008604206500955947,0.004722323608983947,0.0005624624216915564,0.002652177397571176,0.00403235651855427
2024-03-26,0.000635545332464682,-0.009591054459512915,0.0011583011583011782,0.0019286403085825299,-0.0026852524586725712,-0.00308211211909748,-0.0013233210918730531,0.008032323843698563
2024-03-27,0.000316242087304186,0.007899181327525095,0.0019282684149632967,-0.0009624639076035724,0.003030450962646869,0.0005606434761191714,0.014569891755931375,0.011951586069111064
2024-03-28,-0.0047580715862629575,0.004804018979973845,0.008468052347959887,0.005780346820809301,0.0057018988858272834,0.0056162489028233065,-0.0026106303934646524,-0.011810432666582993
2024-03-29,0.006374425420824226,0.0030220156779301455,0.018320610687022842,0.006704980842911823,0.0010013885424771107,0.00447048289589369,0.014398247017087584,0.003984159859611758
2024-04-01,-0.003167024747354197,-0.006774168358581911,0.010494752623688264,-0.0028544243577545148,-0.0010003867666310562,0.0,-0.012903002229435523,0.003967459357570702
2024-04-02,0.014294229090831667,0.007324855370141048,-0.0018545994065282123,-0.002862595419847347,-0.010676514274440052,-0.010565333521446618,-0.013073128774048537,0.0
2024-04-03,-0.006888989160204417,-0.003261809832909468,0.013006317354143482,-0.006698564593301426,-0.00742025669873847,-0.005058754140011779,-0.00264866699571209,-0.011857115377285066
2024-04-08,0.005676745156671936,0.004277394411001723,0.0249449743213499,0.0,-0.009511461899183726,-0.004801099627703143,0.0013285935930285042,0.01199939357131763
2024-04-09,0.023831725376991963,0.0017543517670219888,0.0010737294201861314,0.0019267822736031004,0.002744203492065944,0.00510900408785786,0.014589201912773353,-0.007904448102515782
2024-04-10,-0.0015316175112369823,0.005250595110687373,0.005005362888809373,-0.004807692307692291,0.004790167751292929,0.0031064799739497495,-0.0013077517202639832,0.003984159859611758
2024-04-11,-0.0030679339237950076,-0.002735792750794497,-0.005691924581999297,-0.0028985507246376274,-0.014301994301994303,-0.010413758626734215,0.0,0.003967459357570702
2024-04-12,-0.00246138461260903,-0.0027432978451524814,0.01824686940966025,0.011627906976744207,-0.0024163246430429774,-0.002561949312111622,0.0052349272471079455,-0.007904448102515782
2024-04-15,-0.012954800303846215,-0.009005122149810751,-0.011595221363317032,-0.009578544061302652,0.0017306785959869675,0.0,-0.001301187825661132,0.003984159859611758
2024-04-16,-0.027186773605846648,-0.028521111776701802,0.014930678990401791,-0.010638297872340496,-0.004839841731390626,-0.008836926315097138,-0.028683854608164916,-0.011905047964607895
2024-04-17,0.011242122710809932,0.011692162544645779,-0.004203152364273266,0.0,-0.006599470647275174,-0.008630357889427787,0.012081238556019613,-0.008032323843698341
2024-04-18,0.009847904293590393,0.0007860116569526898,-0.0024621878297572675,-0.00782013685239491,0.006292227752898505,0.006185215060061422,0.018566725933753414,0.004048682248811941
2024-04-19,-0.05064595261872329,-0.02383472108517537,0.005641748942172065,-0.012807881773398977,0.007993456375188668,0.005561746361746334,-0.010416788091435758,-0.008064713037108762
2024-04-22,-0.0029808823855942412,-0.009392344301864197,-0.008765778401122026,0.007984031936127733,-0.008272345138699344,-0.00436656665464763,0.038158160162674815,0.02032570355925456
2024-04-23,0.009637494362817467,0.005420399285539945,-0.023346303501945553,0.005940594059405946,0.00521188806849926,0.006432385198869017,-0.0063370313532712386,-0.003984159859611758
2024-04-24,0.02929547484862849,0.019664959745878674,0.005795001810938061,0.01279527559055138,-0.0055320659218568435,-0.0020335872016057355,-0.017856276245585723,-0.0040000968850558705
2024-04-25,-0.018228866702919122,-0.008983211867507723,-0.005761613251710429,-0.008746355685131268,-0.004174069562653648,-0.0049487755419339585,-0.011688979833857638,-0.008032323843698341
2024-04-26,0.016286316111147725,0.004799924122582677,0.009779065555957978,0.012745098039215641,-0.005235561303592373,-0.0032180744079973733,0.0052570359728310034,0.0
2024-04-29,0.01795029438375395,0.01724370427805688,-0.001076040172166337,0.004840271055179146,0.005967998370939975,0.007924411255598951,0.010456162523990287,0.00809736449762366
2024-04-30,-0.003465564578448599,-0.0005203068816383993,-0.0046678635547576786,0.0,0.0062790498509066595,0.0046590273618587474,-0.010347962545819045,-0.004016161921849171
2024-05-02,-0.01326999166324827,0.0007825245036274797,-0.005772005772005762,-0.01348747591522148,-0.0024255412980321855,-0.0017390330580961955,-0.006537295791789521,0.0
2024-05-03,0.005125646740748557,0.002607479855810002,-0.004716981132075415,0.001953124999999778,-0.0010431531922813209,-0.000871031281240886,0.0,0.0
2024-05-06,0.014335195948145696,0.011182673465273796,0.002916514764855993,0.007797270955165914,0.008000683221856875,0.008136712622802023,0.021052879568046468,0.00403235651855427
2024-05-07,0.00565356708776843,0.002313763296786009,0.005452562704471031,0.012572533849129597,0.00863038388070736,0.009512298183033119,-0.007730966406852557,0.008032323843698563
2024-05-08,0.003746111970031052,0.0012846304079190407,-0.002169197396963085,0.0019102196752627254,0.002054179950745416,-0.0005710707251623814,0.0,0.007967426209499529
2024-05-09,-0.0012431749175777496,-0.0025627081996894008,-0.0018115942028985588,-0.0019065776930410339,-0.00580697522890683,-0.004856874782885323,-0.009091913196644708,-0.003951780827746498
2024-05-10,0.007163024701344778,0.003081845189513821,0.016333938294010864,0.009551098376313183,0.006871864448353859,0.004880579144658892,0.01179623013428599,-0.003968349321535891
2024-05-13,0.010208232395333194,0.0,-0.0017857142857142794,0.0018921475875117721,-0.004434513840250953,-0.003428382199683777,0.012953146312861374,0.007967426209499529
2024-05-14,0.006737573191280877,0.0056370299491625975,-0.003220035778175312,-0.0037771482530689626,0.001024672429811968,-0.0011467254797841164,0.0012793231893784007,-0.007904448102515782
2024-05-15,0.01368557817236904,0.0010194636650204814,0.004307250538406304,-0.0028436018957345155,0.0010274430418426572,0.0,0.010217221355979245,0.0
2024-05-16,0.0048001769279872875,0.0076333409849951295,0.014653323802716223,0.009505703422053147,0.01333923474916432,0.011193409195424886,0.008849119332248634,0.0
2024-05-17,-0.001195561914099641,-0.0022749003728397277,-0.005283550545966964,0.0028248587570620654,-0.002048347014082408,-0.0005676668569640775,-0.007519229286009899,0.003984159859611758
2024-05-20,-0.00029799616361236847,0.0037980016272554096,0.024433427762039717,0.0028169014084507005,-0.005470954889147173,-0.0028399464282833353,-0.016414150334231437,0.003967459357570702
2024-05-21,-0.0011973497989805626,-0.004033524063383087,-0.00795022468026274,0.0,-0.0017223980029288377,-0.0002848034694239443,0.01668807083775059,0.0
2024-05-22,0.01796422203106318,0.013671089666264624,-0.0017421602787456303,0.0018726591760300781,0.0024132374625662756,0.0011395384221926097,0.013889222500257814,0.003952667274769173
2024-05-23,0.007647203744764575,-0.0007489091630304978,-0.018499127399650872,0.0,0.00034500145962157447,-0.001422801690547093,0.006226544198290496,0.0
2024-05-24,-0.004085534615798303,0.0022484113449501297,-0.015291607396870521,-0.010280373831775602,-0.0030925725200675602,-0.003419589454970562,-0.02103897147114908,0.0
2024-05-27,0.013774970355949545,0.015960227758819112,0.003611412062116237,0.0047214353163360645,0.0,-0.0002859435976253488,0.0063210016269363845,-0.015747537874439943
2024-05-28,0.0014457166104846486,0.0017184702807562235,0.003598416696653617,-0.0028195488721806106,-0.00241406315341286,-0.0020021776932703794,-0.013819416913391835,0.008000193770111297
2024-05-29,-0.013568183082209528,-0.005392530784438798,0.002509860164933597,0.002827521206409056,-0.011745113506880456,-0.008311377011486765,-0.021656820929224718,-0.007936698643071893
2024-05-30,-0.017267668472532027,-0.013795456608640344,-0.01108726752503586,-0.005639097744360999,-0.0038445965487323708,-0.0017340072315983335,0.0026052898457809004,0.008000193770111297
2024-05-31,-0.011314937413628878,-0.0024980479041156745,0.0032549728752260254,0.000945179584121103,0.008771793998327837,0.008974599383489767,0.03896035949099219,0.015872507322178597
2024-06-03,0.02138513939699771,0.009765830095558092,-0.009012256669069907,0.007554296506137925,0.00591341320214589,0.005738562816069326,0.001250538542884705,-0.007812691637844371
2024-06-04,-0.01592536052526272,-0.007686053547118488,0.011276827937431788,0.0,0.011757300627539324,0.007988147456533534,-0.009987621998753804,0.0
2024-06-05,0.009591369022965646,-0.0037505279638222477,-0.003956834532374054,0.0009372071227740086,0.009912637576022787,0.0056606018892260135,0.0025217424435926006,0.0
2024-06-06,0.03413227250124318,0.004765578180983665,0.011556518598772048,0.009363295880149725,0.004398049625531142,0.00028143699169436154,0.010063004628221961,0.00393710520785695
2024-06-07,-0.007748937316073845,-0.000996183411959839,0.005355230274901812,0.0018552875695732052,0.0006728024265492127,0.0002813578071994005,0.0,-0.007843330398753956
2024-06-11,0.0026047661162331703,-0.001502116618872007,-0.03338068181818188,0.002777777777777768,-0.01750710425140689,-0.010126032021019138,-0.016189293632842827,0.0
2024-06-12,0.017886316400019364,0.0005025189557783527,0.004408523144746601,0.0027700831024930483,0.008567366876880866,0.004546496646635756,0.016455699788655354,0.0
2024-06-13,0.014456967432054046,0.01125649290786912,-0.002194586686174005,0.008287292817679592,0.004757120686165184,0.006506009379711131,0.007472410472523228,0.0
2024-06-14,0.0058674842605379585,0.003215818178960328,-0.0010997067448680342,0.0009132420091324533,0.012174146634480909,0.0067449963432666404,0.009888855844577993,0.011858001824307962
2024-06-17,0.0,0.005919069493447893,0.00660550458715603,-0.0027372262773722733,0.005680268347524775,0.0005614894379712965,0.0,-0.00390634581892213
2024-06-18,0.016666783006070718,0.004167873730247074,-0.001093693036821053,0.008234217749313766,-0.002323782854587675,-0.0025141878824387343,-0.0024490332619259148,0.003921665199376978
2024-06-19,0.027049480477868704,0.013673941029578307,0.0029197080291971655,0.003629764065335772,0.006991260006539379,0.005876986939675755,0.00736239111570014,-0.00390634581892213
2024-06-20,0.00957529542582991,0.010355812750747484,0.0047307132459970536,0.002712477396021873,-0.00396935425027356,-0.003058780406109962,-0.013398613522922043,-0.007843330398753956
2024-06-21,-0.0060588536516456015,-0.001193371638341767,0.00905469032959072,-0.007213706041478862,-0.004314828652220548,-0.0036291830693062632,0.00617273716960387,-0.007904448102515782
2024-06-24,-0.0243920312850453,-0.011693246361781151,-0.01543431442928933,-0.0018165304268845661,0.0026670688729151237,0.0013997003368824146,0.017178454913935992,0.007967426209499529
2024-06-25,-0.0005417377033506421,-0.002657199753303807,0.00036456434560716566,-0.0009099181073703999,0.005987694407449284,0.0058737011305842746,0.003619026278099513,-0.003951780827746498
2024-06-26,0.007884506330151586,-0.0024212330136812454,-0.004373177842565634,0.006375227686703067,-0.0006637708750469873,-0.0019454146954605012,-0.0060095119221829085,-0.003968349321535891
2024-06-27,-0.00027115518889353485,-0.0070376926730280065,-0.007686676427525629,0.0018099547511312153,-0.009590925845501364,-0.007799991139969431,-0.00967362182349596,0.003984159859611758
2024-06-28,0.0062066175290609316,0.005130880946169203,0.009590556990040744,0.0036133694670279493,-0.00033532192747465217,-0.00028064714680720027,-0.007326427744780317,-0.003968349321535891
2024-07-01,0.000804174519348555,0.005596000296640646,-0.00073072707343802,-0.0018001800180017513,-0.014364701979431627,-0.008702503883907031,0.002459708000864591,0.007967426209499529
2024-07-02,-0.0066975658478010125,-0.006047290549572204,0.002925045703839002,0.0036068530207393756,-0.006103375929811139,-0.0011327615890842635,0.006134868240385671,-0.007904448102515782
2024-07-03,0.01213871395613153,0.007787502279985148,0.0025519504192490494,0.011680143755615324,0.0030704279408941826,0.006804277158312111,0.0,0.0
2024-07-04,0.026118328373403665,0.01110477137054966,0.009090909090909038,0.0,0.006459672064731858,0.0030975504391930198,0.026829920683876463,-0.018552835910513155
2024-07-05,-0.003635596207318348,0.001432012766757973,0.0018018018018017834,-0.001776198934280493,-0.0020275886231405638,-0.0011229037269557818,0.0,0.012658204799994133
2024-07-08,0.03154267596314897,0.004768569853186078,0.008992805755395628,0.000889679715302405,0.004399544359582341,0.005058747257449925,-0.005938141260778629,-0.008333917696494386
2024-07-09,-0.0010097460605086317,-0.0011849770241095792,-0.0089126559714795,0.009777777777777663,0.007752860377863602,0.005875343575729719,0.011947226842220715,0.0
2024-07-10,0.0035408618851964224,0.005937951874515068,0.0017985611510791255,-0.002640845070422504,-0.002007246751138392,-0.0019459555083808366,0.0,-0.004201071209698148
2024-07-11,0.022183745433814073,0.007322357799211421,0.0050269299820466795,0.011473962930273585,0.0006728927734274137,0.0013926783103013207,0.009445204864102053,0.0
2024-07-12,-0.03156605301427806,-0.006095344777248823,0.010003572704537333,-0.013961605584642212,0.009709742255852305,0.00611926240130467,0.00233887971980562,0.0
2024-07-15,0.0017832193935773955,-0.00047359271026914396,0.0028298549699328213,0.014159292035398119,-0.0036482194347271513,0.000829369741827346,0.00933499428070017,0.008438499733252725
2024-07-16,0.005876704190984405,0.0,0.007054673721340388,0.003490401396160525,0.00366157767355757,0.001961842939562697,-0.018497316220275617,0.0
2024-07-17,-0.013970885521293996,-0.007263196406187333,0.016462346760069968,0.0008695652173913437,0.009287042051492334,0.006152824378216959,-0.001177045891609052,0.0
2024-07-18,-0.018030918119151362,-0.014632672788786882,-0.001033769813921448,-0.010425716768027726,-0.0013124406320018656,-0.0016689136804217686,0.030660371133802933,0.008367887318349032
2024-07-19,-0.022824062333301254,-0.014604716182908373,-0.017937219730941645,-0.00351185250219499,-0.0016481521818050293,-0.0013910071078589992,-0.005720724181199066,0.00414967107030173
2024-07-22,-0.029798287141029056,-0.019341571467682117,-0.007376185458377149,-0.007048458149779724,0.0026399424012566453,0.000837016100067034,0.01610967456139445,-0.004132522461396282
2024-07-23,0.03099021567935667,0.011014704249480589,-0.0038924274593065133,0.00709849157054121,-0.005262356200948726,-0.00362299619600992,0.0022647143063536657,0.008299342140603683
2024-07-26,-0.039184328952430514,-0.01647070636706227,-0.009591474245115417,-0.01938325991189427,-0.004626642020409744,-0.007551081768412682,-0.014689276966905362,0.00823014208515871
2024-07-29,0.008939109301562276,-0.010301877883345356,0.009325681492108995,0.008984725965857976,0.00863332014709961,0.008173415256831351,-0.009174417888382358,-0.008162959766445321
2024-07-30,0.0,-0.0013023477719860121,-0.0024875621890547706,-0.002671415850400649,0.001645065348677699,0.0016746433948622297,-0.008101460594262422,-0.0041155150032055055
2024-07-31,0.0013843608751928915,0.0,0.01353758460990373,-0.002678571428571419,0.005257013581222658,0.002234333106254205,-0.021003410687517432,0.004132522461396393
2024-08-01,0.017418833076428664,0.02032891657655611,0.010193321616871698,0.0143240823634736,0.009809861796358677,0.005288085282847188,-0.012361569231056468,0.0
2024-08-02,-0.050544304112796645,-0.029373337171744618,0.0052192066805847315,-0.02383053839364524,0.012625360724592083,0.004156108393788216,-0.008760592862689598,0.012345657088364215
2024-08-05,-0.09130026189374463,-0.07605485988436145,-0.005538248528902723,-0.03616636528028938,0.02941166097056014,0.005238496773814827,-0.02525245644342955,-0.012195100558708205
2024-08-06,0.05511895762462715,0.019937703495447767,-0.016707274625826662,0.0037523452157599557,-0.008695771347124959,-0.005761200542013789,0.022021013260130395,0.004114627081953204
2024-08-07,0.03970147397226187,0.032953464644543295,-0.006371681415929142,0.006542056074766434,-0.012532489078139752,-0.002759767351303122,-0.007605223137602479,-0.004097766301752626
2024-08-08,-0.02067072791397684,-0.005949849830745646,-0.00035625222657642563,-0.01857010213556176,-0.00824985474375406,-0.008578025008909695,0.011494569673684119,0.0
2024-08-09,0.031075385724233184,0.015773731331218066,0.010691375623663513,0.015137180700094621,-0.008636114983500587,-0.005301375044152179,0.03282887458650574,0.004114627081953204
2024-08-12,0.012509063680351984,0.014192440204397805,0.00387870239774335,0.00838769804287054,0.008390946179752223,0.007856175425254852,0.0024443201544948057,-0.004097766301752626
2024-08-13,0.002527539650778232,0.0026385569349580695,0.010537407797681864,0.0009242144177448175,0.0,0.0,0.00853623392465419,0.004114627081953204
2024-08-14,0.012605836502300516,0.01000469581550667,-0.00034758428919001716,0.012003693444136543,0.006400593105152508,0.006123702532730979,0.0,0.004098650584510866
2024-08-15,-0.007745986956311235,-0.004952796683498906,-0.0038247566063979166,0.005474452554744547,0.007948980594103983,0.00940855633202653,-0.02055520182040227,0.004081920219816126
2024-08-16,0.022582961016512026,0.017028456471657183,0.0003490401396160081,0.01814882032667886,-0.0028712230366054747,0.0010960300379772026,0.0024684615077199545,0.00812977467481768
2024-08-19,0.0013632242981098663,0.0002584243135803632,0.01779483600837417,-0.01158645276292336,-0.0035182140875155143,-0.005201209526554895,-0.008620334527981277,-0.004032542224240654
2024-08-20,0.0005445473790253175,0.00206048118295854,0.0006856359273226253,0.007213706041478751,-0.003208395066917391,-0.0008261864098502159,0.001242567382807147,0.0
2024-08-21,-0.010612894667020312,-0.006423376251332824,0.00582391229873247,-0.0008952551477171555,0.007083999508055605,0.004683537273922234,0.013647262314197661,0.0
2024-08-22,-0.005225845933810591,-0.0020695377498423095,-0.006471389645776537,0.0026881720430107503,0.0,0.0013696442610060533,0.0036716295299390467,0.004048869461303672
2024-08-23,0.0005529788278231251,0.0007768835413048958,-0.0027425437092903904,-0.002680965147453196,-0.004797610615454917,-0.0024656677236734037,-0.002438360021949193,0.0
2024-08-26,0.0016580196337159236,0.01061772036581421,0.00618769336541769,0.0026881720430107503,0.0016057442168666558,0.0019214569870324993,-0.0036684589042904614,0.0
2024-08-27,-0.004414067080025674,-0.003843797710226471,-0.0013665869490946392,-0.0008936550491510653,-0.0022437378362106797,-0.0013685221495003397,0.023313822399752215,0.004032542224240654
2024-08-28,0.014132219381923106,0.003087540864511462,0.0,0.003577817531305927,0.00032275832067441,0.0008234675974718719,-0.007194868238557528,-0.004016346138848714
2024-08-29,-0.013662042065427427,0.0005145944709681327,0.0010263427984946727,-0.009803921568627527,-0.006105879671033043,-0.0038376401889961276,-0.0072457063325648274,-0.004032542224240654
2024-08-30,0.004709434798567669,0.0012794747486293279,-0.0006835269993166193,0.006300630063006407,-0.0019407609194266318,-0.0008259597930170282,0.004866164079124102,0.004048869461303672
2024-09-02,-0.002757270577854909,0.0,-0.008891928864569021,0.01073345259391778,-0.004210801714019108,-0.0033065702661603247,-0.002421952768002056,0.0
2024-09-03,-0.004423830622585001,-0.002048348637816555,0.0006901311249136732,0.001769911504424737,0.0,0.0016587699725498783,0.008494796004420824,0.0
2024-09-04,-0.048876052146181515,-0.03565913640263085,-0.001034482758620725,-0.023851590106007126,0.013012465693601705,0.002209060546796593,-0.01684648455912041,-0.016129298877065268
2024-09-05,0.006131774759473796,0.0010642258662896253,-0.00034518467380040274,-0.0009049773755656076,0.007384742638038899,0.006880776368602515,0.004895946283267616,0.008197301169021953
2024-09-06,0.014220278891591942,0.006378566961787735,0.010013812154696211,-0.0063405797101449,0.005100460989823308,0.004920181008774893,0.018270019346427357,0.00812977467481768
2024-09-09,-0.015451601672969661,-0.005546688992961957,-0.008547008547008517,-0.008204193254330083,-0.0025372891505792694,-0.001361887264982986,0.004784676643885488,-0.004032542224240654
2024-09-10,0.0017437889627847092,-0.01274369228340655,0.0017241379310344307,0.008272058823529438,0.009859174480666866,0.009537059071189402,0.03571483624330729,0.004048869461303672
2024-09-11,-0.0029012557602016154,-0.0008061373031709174,0.007573149741824325,-0.001823154056517784,0.01070450413918933,0.004856452100332476,-0.010345105578121516,-0.004032542224240654
2024-09-12,0.037532673478591905,0.016689170042172963,-0.001708233686368299,0.020091324200913308,-0.006541681116845832,-0.0016119961384272186,0.016260743369752362,0.008097738922607789
2024-09-13,0.0005608878855227761,0.0013214804515988554,0.019849418206707714,0.0026857654431513556,-0.0015674732194804752,0.0018826945727186128,-0.003429484689404183,0.0
2024-09-16,0.0019620071332975275,0.0042310160988197065,0.007382550335570448,0.0008928571428570287,-0.004397872019524907,-0.0016115647812960932,-0.008027193711887093,0.004015479613252326
2024-09-18,-0.005035281940821479,-0.00684480329750603,-0.008660892738174497,0.004460303300624524,0.005677416689332748,0.00941094982834434,0.00346788649782126,0.0
2024-09-19,0.012933064363081614,0.006626017461427436,0.0013440860215052641,0.006216696269982336,-0.012232196043793553,-0.005593925742500394,0.011521330248713157,0.0
2024-09-20,0.012767935827244337,0.004742722009296374,0.009060402684563762,0.0026478375992939895,-0.003812494584524706,-0.0010710749752483872,0.0034165387512921086,0.00800056616735767
2024-09-23,0.004385033333105026,0.0026198831928163635,0.014632524110409051,0.0061619718309859906,-0.005737148821431615,-0.00160983682381588,-0.0022695289104668337,0.003967676366382511
2024-09-24,0.009548107773783343,-0.0002622751233665177,0.002949852507374562,0.0,-0.0016026538267733814,-0.0010739522948585156,0.018202441395700486,0.0
2024-09-25,0.014865802347895807,0.012815986785639222,0.0062091503267973636,-0.002624671916010457,-0.0038553473667977123,-0.0008070830572788346,0.0022340266491769345,0.0
2024-09-26,0.008256172154505803,0.0005148507252679124,0.00032478077297826147,0.0052631578947368585,-0.005158012511522814,-0.007263586825481005,-0.0011151249192525858,0.003952848950853349
2024-09-27,-0.0021131783082247724,0.006711988570442307,0.001948051948051921,-0.005235602094240788,-0.002267004300588571,-0.0035247827750151117,-0.010043715452147883,-0.003937285456168671
2024-09-30,-0.02620375354045157,-0.008972197616938571,-0.00550874918988975,-0.0061403508771930015,-0.0006486808383934228,-0.001361887264982986,-0.016911791540454857,-0.007904845075611622
2024-10-01,-0.0019028073203715135,-0.002329030873274518,-0.0035842293906811484,0.011473962930273585,0.0038981583950512544,0.006266512902182608,0.02064276946226329,0.0039843445774661035
2024-10-04,0.0,-0.005702909254383104,0.009810333551340866,-0.004363001745200656,-0.005826299257668088,-0.0010823823326097104,-0.021347946799868955,-0.011904741518813489
2024-10-07,0.024781384117127603,0.007560295048507193,-0.009067357512953289,0.014022787028922012,-0.0058604439579498235,0.0005402599925334872,0.0011471725788587683,-0.004016346138848714
2024-10-08,-0.004783714111070814,-0.005432953507380156,-0.0009803921568627416,-0.009507346585998389,-0.006223880970510742,-0.005144866206176935,0.0011470955096224422,-0.012096756652824614
2024-10-09,0.009346376721291128,0.0,-0.008832188420019649,0.006980802792321272,-0.0026368044663798162,-0.0019057608864684328,0.004581888746747698,0.0
2024-10-11,0.016665490815129802,0.004421670050597903,0.008910891089108919,0.0077989601386481144,-0.007271284557537228,-0.0019093997458207168,-0.012542417091350289,0.0
2024-10-14,0.0007806892184649694,0.0025925521879472946,0.006215243702976769,0.006018916595012858,-0.0069902884402284204,-0.004918840659559276,0.016165608397045395,0.0
2024-10-15,0.0213221926321423,0.010333792044036283,-0.007802340702210753,0.008547008547008517,0.005030825238278247,0.004392548662548901,0.0056821107925772996,0.008162959766445432
2024-10-16,-0.017312674108004633,-0.0020462529181277667,0.01081258191349943,-0.007627118644067843,0.009672721977501908,0.00683870098369499,-0.0022592711808196997,-0.008096865380113338
2024-10-17,0.00155450146921976,0.004481785604326882,0.004538087520259193,0.0017079419299743659,0.0016513609305310872,0.002202234477136411,0.015854375350564442,0.0
2024-10-18,0.024831264240953166,-0.001576793642266927,0.01129396579541786,0.0008525149190110604,-0.013851442558629246,-0.010716854689648225,0.0,0.012244879986261559
2024-10-21,-0.00025241370606410296,0.0007912243722425494,0.02233567326100827,-0.0017035775127768327,-0.004683216709191695,-0.008611750268445961,-0.002229046899002385,-0.012096756652824614
2024-10-22,-0.0037850575438154177,0.001837351683659172,-0.015293383270911343,-0.0008532423208191808,-0.01814621122659288,-0.016531380843775145,-0.007822107339374385,0.004081920219816126
2024-10-23,-0.006589354391107749,-0.003933118053516926,0.005705229793977695,0.000853970964987294,0.0006835346585687407,-0.0014254203101941032,-0.00788255994245124,-0.008130651767780939
2024-10-24,-0.006122826449759922,-0.005260639326131078,-0.009454774661203924,-0.008532423208191142,0.0034228040118100544,0.0005703517904633859,0.019296507277067443,0.0
2024-10-25,0.008214061874987966,0.0042307680054540775,0.0009545020680878924,0.002581755593803692,0.009883716604792703,0.008556698758223735,-0.010022542007920854,0.0
2024-10-28,-0.0017821870405297924,-0.0007899270031310746,0.0028607755880483143,0.0051502145922746045,-0.016199909386591327,-0.01074486488511961,0.010124010326708843,0.004098650584510866
2024-10-29,-0.023209795724041582,-0.011861447121948143,0.00665610142630757,-0.002561912894961549,0.003774079412921072,0.001713988099935282,-0.007794776406352066,0.0
2024-10-30,0.0015666784892867103,-0.0018667626287616201,0.010390428211586977,0.0008561643835616195,0.0017083623966309691,0.0022845582767183625,0.00673337878767688,-0.004081920219816015
2024-11-01,-0.006776148132377147,-0.002137433084502649,-0.012464942349641683,-0.022241231822070162,0.0027294629325529396,-0.0014242013625803684,-0.012262765293270639,0.0
2024-11-04,0.012859492707339992,0.0037485201087781306,-0.005048911328494832,-0.0008748906386700783,-0.010208553051796576,-0.008551098797304979,0.001128969203620045,0.004098650584510866
2024-11-05,0.003628110078587543,0.00533824413227002,-0.002537266095781865,0.0017513134851139256,0.008595494025174899,0.008335873790107362,0.016910575039840392,0.004081920219816126
2024-11-06,0.008004630635787047,0.002918685983913649,0.0025437201907789753,0.02622377622377625,-0.011248911935601402,0.0002865879966869045,-0.016629362949812876,-0.004065325883890525
2024-11-07,0.011527352914178834,0.009792015300023937,-0.031081509673327012,0.020442930153321992,-0.0010346047057584462,0.002279453434922196,-0.005637263846818286,0.004081920219816126
2024-11-08,0.007848458692711446,-0.0007859922915935957,0.013747954173485954,0.0008347245409014992,0.005867576555303122,0.009386072927399347,-0.010204356272846882,0.0
2024-11-11,0.0005025441296564459,-0.0013141766809458,-0.009686793671294658,0.011676396997497784,0.009948143849336288,0.010145270312325039,-0.003436107557582724,0.0
2024-11-12,-0.025614784119210587,-0.014705882352941235,-0.02021519400065208,0.0016488046166529546,0.011207005212388044,0.009763025582885554,-0.011494837369383948,-0.004065325883890525
2024-11-13,-0.0064437003163856366,-0.0007994015724774872,-0.002995008319467529,-0.0008230452674896638,-0.01578648286986961,-0.013814944425968756,0.010465403691561237,0.008162959766445432
2024-11-14,-0.009079687226393407,-0.010933895397032378,-0.018691588785046842,0.0032948929159801743,-0.009215559917901794,-0.00868104432406347,-0.010357013365650758,-0.008096865380113338
2024-11-15,0.00706851000608677,0.0016177707898163973,0.004421768707483009,-0.010673234811165777,0.003101678666090235,-0.0005648712499259911,-0.0011618467591878456,0.0
2024-11-18,-0.014035627400560191,-0.003768701614184855,0.008804605485946526,-0.00663900414937757,-0.0003485626475768777,0.0005651905097956433,-0.011642031401327246,0.0
2024-11-19,0.013708111053496452,0.006755282956828035,0.012084592145015005,0.0008354218880535225,0.0010423032652586706,0.0016946137497775293,-0.002356341341589241,0.008162959766445432
2024-11-20,-0.004161509934521246,-0.004025973186048359,0.003648424543946982,0.005008347245408995,-0.0003445757411187911,-0.00028351559335770826,0.015348572345816658,-0.008096865380113338
2024-11-21,-0.010967437223991072,0.0,0.008922670191672255,0.0,0.0045147488038725925,0.0016953431044102185,-0.005812997878312243,0.004081920219816126
2024-11-22,0.019539536808006686,0.006198112319275806,0.010481493612839898,0.004152823920265725,-0.000346875139868974,0.0002800048534175037,-0.004678346336452255,0.0
2024-11-25,-0.003626230598047453,0.004017347195601317,-0.008103727714748765,0.006617038875103454,0.005533272391470501,0.00394385297017541,0.022326279659222514,0.004064448790927377
2024-11-26,-0.01299579082820812,-0.004534775719827411,-0.016993464052287632,-0.0008216926869351049,0.010664272091073013,0.010378553880185049,-0.010345105578121516,0.004048869461303672
2024-11-27,-0.014486010026074747,-0.016081229418221765,0.0066489361702128935,0.0074013157894736725,0.0017035524943826985,0.0,0.0046457476432888445,-0.004032542224240654
2024-11-28,-0.001603520618602694,-0.005719273261823199,-0.003963011889035695,-0.0008163265306121437,0.0071361550528523665,0.0038849419405084795,-0.006935772995642853,0.0
2024-11-29,0.00240914404004533,0.002739129286902342,0.011273209549071517,0.0008169934640522847,0.003708380795027333,0.004147856737060085,-0.016298592731141648,-0.004047995918809444
2024-12-02,0.02376427547777782,0.011476208342384053,-0.013770491803278717,0.002448979591836764,0.006725839551562363,0.00936560853642221,0.013017394835437512,0.0
2024-12-03,0.013563713588276238,0.0008101961065032359,0.0043218085106384585,0.007328990228013144,0.00366999571413662,0.004092395316949604,0.0058414219084836905,0.004064448790927377
2024-12-04,0.005919050549978433,0.0010793869602252482,0.0033101621979476636,-0.006467259498787348,-0.012638332687421983,-0.011957033911276449,0.0046457476432888445,0.008097738922607789
2024-12-05,0.005372550106491625,0.003234669420682401,0.0009897723523590862,0.00406834825061031,0.010441425528976644,0.007700275508871091,-0.010404906934650349,-0.004016346138848714
2024-12-06,-0.0038170286128705877,0.0024181800524425423,-0.002636783124587927,-0.0032414910858995505,0.003003305434364112,0.0010942172277419449,0.0093457708307072,0.004032542224240654
2024-12-09,0.0012772180487941043,0.0,-0.0016523463317911213,0.005691056910569037,0.0036577231749037598,0.0038150355156620908,-0.020832656853758014,0.0
2024-12-10,-0.007143297524719983,-0.006700962678059863,0.012247600132406333,-0.00808407437348424,-0.009275337463645394,-0.0065182047790169895,0.004728117311388669,0.0
2024-12-11,-0.008736410919657045,-0.003781105526331152,0.01504251144538915,0.0008149959250203231,-0.005351874959428127,-0.0016394878034787785,0.004705867418183685,-0.008032692277697207
2024-12-12,0.0116648053381605,0.0029828437531616014,0.003221649484536071,0.006514657980456029,-0.011428488553382521,-0.006299560270732973,-0.01288146900550502,0.0
2024-12-13,0.0007686871037790866,-0.003784168963306911,-0.013808606294155368,-0.004045307443365731,-0.006799926645883025,-0.007715133531157381,0.0,0.0
2024-12-16,0.004096515614765428,-0.009217101610216494,-0.012699446434386252,0.0,-0.006159618310462411,-0.005830572935836109,0.016607957483628866,-0.004047995918809444
2024-12-17,0.005099753299434129,-0.0016416788638791147,-0.0006596306068601399,0.002437043054427379,-0.0013785262031450474,-0.0016752072413377395,-0.024504329366793143,0.004064448790927377
2024-12-18,0.0,0.008770018160805693,-0.0013201320132012473,-0.0016207455429497752,0.0013804291609149644,0.0016780182696942703,0.0059811684833464,0.004048869461303672
2024-12-19,-0.013699469991184099,-0.004618567229448756,-0.0178453403833444,-0.024350649350649345,-0.010678933444309036,-0.01145187712678808,-0.016647442452453753,-0.004032542224240654
2024-12-20,-0.009259834823409419,-0.005731761456123974,-0.0026917900403767847,-0.00499168053244603,-0.006963275669097824,-0.008479310420158148,-0.02055520182040227,-0.004047995918809444
2024-12-23,0.024144816977527572,0.011804122347462531,0.010796221322537214,0.01755852842809369,0.0017511346444780695,0.0031349343741147173,0.02592484047584165,0.012195100558708205
2024-12-24,0.0027863979838225195,0.0029844306209774185,-0.002670226969292422,0.0024650780608053147,-0.006648720281806075,-0.0034075291961870313,0.003611073960144484,-0.008032692277697207
2024-12-25,0.003033558743601006,0.000814772808749975,0.0010040160642570406,0.013114754098360715,0.003523348359191436,0.00484541275738315,0.004796147556254793,0.004048869461303672
2024-12-26,-0.0007560960241951298,0.0027028435216422952,0.0036776997659644373,0.0016181229773462036,-0.005268360672501804,-0.0034026927017567488,-0.016707033951010697,0.0
2024-12-27,0.003278895264518633,-0.001078223140227541,0.0029980013324450994,-0.0040387722132472215,0.0038836725835560415,0.0034143105513513294,0.004854356218342515,0.004032542224240654
2024-12-30,-0.00553076487964288,-0.0059398794467815375,-0.005313849219528377,-0.008921330089213253,-0.007031836697540039,-0.005107172287167172,-0.01086986268343959,-0.004016346138848714
2024-12-31,-0.010362552402620628,-0.004071887622442816,-0.006010016694490861,-0.009001636661211232,0.014518494751799116,0.010266778782410224,-0.01220932530533192,-0.004032542224240654
2025-01-02,-0.008685082731799132,0.0005451380907031123,0.009741350352703959,-0.004954582989264988,-0.008727245345531931,-0.0067739230459896715,-0.012361569231056468,-0.004047995918809444
2025-01-03,0.010049582233712995,0.0021793643083143355,0.011643379906852935,0.0,0.008097627304044508,0.0045446556356241175,-0.0037543468719404283,-0.004065325883890525
2025-01-06,0.031377359573613095,0.011963712582694797,-0.010194015126603007,0.015767634854771728,-0.008729593585990458,-0.007354779044191129,0.016331952907366887,0.008162959766445432
2025-01-07,0.011128975738461833,0.0021489159948606673,0.0006644518272425071,-0.002450980392156965,-0.007046696718382872,-0.007409272607094564,-0.017305930165403383,-0.004047995918809444
2025-01-08,-0.014920626507301415,0.0,0.0033200531208499307,-0.002457002457002422,-0.009228778784909353,-0.0077499714608252335,-0.010062869179986111,0.004064448790927377
2025-01-09,-0.011423604643943652,-0.015281424285580436,0.006949040370615611,0.0,0.004300003477091696,0.0049183156925909355,-0.0012696166744818882,-0.004047995918809444
2025-01-10,-0.0002512089430384279,-0.004627367385422576,0.008872822872165509,-0.0008210180623973162,-0.003212156183881598,-0.001726819122852219,-0.0012726034693887334,0.0
2025-01-13,-0.02311493603032011,-0.015317250604584998,0.004234527687296374,-0.013147082990961456,-0.0017868513980278111,-0.0034627980172534656,-0.006369750694500853,0.0
2025-01-14,0.006173223215606205,0.009997825104980596,-0.011028219266947747,0.009991673605328932,0.0035839661011705104,0.0034748306539522655,0.012821169039394453,0.004064448790927377
2025-01-15,-0.007669185425991265,-0.006599238702282295,0.0022958346999015777,-0.004946413849958753,-0.0035711671591306393,-0.002019700039501915,-0.016455981478825543,0.0
2025-01-16,0.020349455036484887,0.007473462704386424,0.01178010471204205,0.0173985086992543,0.012901504724494472,0.013582359212702011,0.014156622741418712,0.004048869461303672
2025-01-17,0.004866502556333918,0.0008507060529225896,0.005821474773609392,-0.002442996742671011,0.001416089988510949,0.0014455372580142178,-0.0038067538385907485,0.0
2025-01-20,0.010188378213704663,0.004808853052166384,0.0025723472668810476,0.005714285714285783,-0.004238450983381603,-0.002597582298703105,-0.008916826231166741,-0.004032542224240654
2025-01-21,0.002016709881878409,0.003380368845309567,-0.001603592046183433,-0.0016233766233766378,0.009933090396864186,0.0052118475731643965,0.00771136205399614,0.0
2025-01-22,0.013085333918029463,0.003926650045925628,0.008352071956312379,0.012195121951219523,-0.0017548314717463764,0.002305412229662851,0.0,0.008097738922607789
2025-02-03,-0.04272226850263794,-0.00922437483049432,0.009238611022618581,-0.013654618473895597,0.022879489710684098,0.012645908308558829,0.01020405354444276,0.008031825752100819
2025-02-04,0.005967869909820678,-0.007051125607656639,0.010416666666666519,0.004885993485342022,-0.009636014045715346,-0.005392609806823878,-0.010100982577371798,-0.0039843445774659925
2025-02-05,0.015217050220294182,0.011930542454396731,0.014058106841612128,0.0016207455429497752,0.0020838799145459497,0.0011434039882427527,0.01020405354444276,0.00800056616735767
2025-02-06,0.00431895977394392,0.0025273412370188097,-0.00030807147258160583,0.008899676375404564,0.01317669411967115,0.009692316286691538,0.007576418143075969,0.0
2025-02-07,0.004554084431477534,0.0039222362639881325,0.0006163328197226203,0.000801924619085792,-0.0013695646556337593,-0.0033903306417654155,-0.0025069332796069377,0.0
2025-02-10,-0.011331526858037066,0.0008348660953052534,0.004619648906682983,-0.008012820512820484,-0.00411063219453045,-0.003966271273216249,-0.0025118782152515617,-0.003968532576215655
2025-02-11,0.006111770654706916,0.0039036534024998737,0.014101778050275904,0.004846526655896577,-0.0030994112974469523,-0.0025576873056962768,-0.003779343935246926,0.0
2025-02-12,-0.001519181223752497,0.0,-0.011789600967351932,0.001607717041800516,-0.00690320250511034,-0.004277882293044377,0.011378316402045563,0.0039843445774661035
2025-02-13,-0.004310201087137755,0.008883767730208714,0.015295197308045294,-0.0016051364365969878,-0.01112040102430667,-0.0060141421195719635,0.011250306851074088,-0.003968532576215655
2025-02-14,-0.011967160954860945,-0.0013769717559928285,0.002410364567640988,0.010450160771704242,0.0126520847314322,0.011235355927418755,0.0,0.0
2025-02-17,0.015205282972498235,0.00854384195825375,-0.013826269912834421,-0.0007955449482895949,0.00034819984424605543,0.0,0.004944360934346914,0.0039843445774661035
2025-02-18,0.00355395839593986,0.0021849475005670804,0.004266991770801587,-0.0015923566878980333,-0.0003480786433166516,0.0002853624568466273,-0.0036896940739267192,0.003967676366382511
2025-02-19,-0.0017696465073916423,0.004360367826350187,0.006980273141122817,0.0,-0.005900676930449822,-0.0031318897698835446,0.006171819840942172,0.0
2025-02-20,-0.0038017981984683757,-0.00026975306487087014,0.004822182037371947,0.0015948963317382603,0.003491367621802244,0.0014277759978102988,0.006135286103722715,0.0
2025-02-21,0.007122379033522863,0.00461560926677218,-0.007198560287942524,-0.0031847133757960666,0.0031639512233569977,0.0017115096695636822,0.009756071884906126,0.003952848950853349
2025-02-24,-0.008841050045991006,-0.0005403321620870427,0.0033232628398791597,-0.011980830670926479,0.005959997306215881,0.002564428554152398,-0.0036228531662825247,0.0
2025-02-25,-0.01299650786933948,-0.0021624971150897565,-0.0003011141222523106,-0.010509296685529468,0.009059972105997183,0.008239616969156982,-0.004848470580233855,-0.003937285456168671
2025-02-26,0.00542284386242331,0.005148645351803038,-0.0063253012048193336,-0.0008169934640523957,0.008974940197780334,0.00619669918399901,0.008525833788955772,0.007905697901706699
2025-02-27,-0.011300162546705739,-0.01024454517371598,-0.008790542588663186,0.0,0.009925259181869261,0.005600609756097663,-0.015700767966680296,0.003920997899888423
2025-03-03,-0.02311698127710282,-0.004904583556268993,-0.011009174311926606,0.0016353229762877675,0.004405652836003471,-0.001391596455218691,0.02576714245805989,0.003906526554266598
2025-03-04,-0.0066465586956045986,-0.0019170944657098676,0.010822510822510623,-0.013877551020408219,0.008434138453837337,0.004739235771666461,-0.025119875058888907,-0.011673135417270109
2025-03-05,0.013115828985960087,0.006583229919224776,0.004588559192413744,-0.012417218543046338,-0.016391510697335687,-0.011376718972378574,0.011043250192307008,0.003937285456168782
2025-03-06,-0.006076664132913523,0.0016342471950201443,0.0018270401948841108,0.006705783738474302,-0.007482763503283918,-0.0025277069693800946,0.007282189082871149,0.003920997899888423
2025-03-07,-0.009304012655904526,-0.004350882103180798,-0.0027355623100302484,-0.014154870940882525,0.009594984124197126,0.003376773802118649,-0.02168732652543859,0.0
2025-03-10,-0.005902151329748362,-0.004919326243966626,-0.0015239256324293127,-0.0016891891891892552,-0.004413123426149079,-0.002525584136766401,0.02093623716484405,0.0
2025-03-11,-0.01754533877058395,-0.006863321038422354,-0.0045787545787545625,-0.0186125211505922,0.01295596065172866,0.004782286557549753,-0.0036184818516212802,-0.0039056837222160024
2025-03-12,0.004396919672094324,0.0,0.007666360012266171,-0.006896551724137945,-0.010771115590094027,-0.010076664310264993,0.006052269241722197,0.003920997899888423
2025-03-13,-0.009299460154646333,-0.006636002495369664,0.010955569080949523,-0.0026041666666666297,-0.004082240438150642,-0.00395842118709544,-0.009626933599608312,0.003906526554266598
2025-03-14,-0.0033135052573527446,-0.0011128465443185354,0.014148103552076963,-0.0008703220191471628,0.00307423007494112,-0.000849838221705701,0.001215391816361766,0.0
2025-03-17,0.008586828065333618,0.006687775671220697,0.0005936479667558725,0.009581881533101022,-0.0003417461044579184,0.003977532816192175,-0.010922628868949458,-0.0038913249898623326
2025-03-18,0.004120271283176713,0.007750031550233016,0.007119549095224054,0.00690250215703192,0.0054516227578882415,0.0059426620908067385,0.007362608118860914,0.007813053108533197
2025-03-19,-0.01231009292714913,-0.007141343368890163,0.01178203240058906,-0.00428449014567267,-0.002032821751916214,0.0002786871690589887,-0.01583463010472297,-0.0038762412753210462
2025-03-20,0.021601158253695907,0.008573683223265016,0.0017467248908296096,0.013769363166953541,0.008488552053091514,0.010969867308387116,0.006188436144526799,0.0038913249898624436
2025-03-21,-0.00813109581501481,-0.001645005820049894,-0.007846556233652935,-0.006791171477079749,-0.002019817210136443,-0.0030617343771291994,0.009840069015860431,0.007751646252632138
2025-03-24,-0.0010940820718813304,-0.0027461938716515366,-0.003222026947861778,0.008547008547008517,-0.0070836679499137745,-0.00530082565295853,-0.001218351768515702,-0.0076920204312808105
2025-03-25,0.01039729216098606,-0.001378488493808061,0.00029385836027029377,0.009322033898305104,-0.005777726194534982,-0.00392732914133187,0.006097873902705109,0.0
2025-03-26,-0.0008124507521291013,0.0027575574813663017,-0.000587544065804857,0.004198152812762368,-0.0020501895148492544,-0.0005610691586722671,-0.002424889251619544,0.0
2025-03-27,-0.018971113383367433,-0.007703144298065068,0.006760728982951214,-0.010869565217391242,-0.0034252208847085353,-0.005356156819436686,0.008506431612249399,0.007751646252632138
2025-03-28,-0.009943752739130285,-0.007484190498416643,0.015474452554744555,-0.0008453085376162184,0.002061462391149682,0.0005674913796824832,-0.00843468256186597,0.0
2025-03-31,-0.03599328437286409,-0.029048881805831317,0.034215066129959615,-0.025380710659898442,0.01817822420053883,0.008775715280903151,-0.021870497183096638,-0.011538445579515555
2025-04-01,0.02054936296261034,0.014382149451924287,-0.015012510425354453,0.01041666666666674,0.006061477619989208,0.0033703573556596034,0.01987571645336139,0.011673135417270109
2025-04-02,-0.0017018617901720656,-0.0025531435165074834,-0.008467400508043954,0.0034364261168384758,0.0003359110336054183,-0.0002801734639185094,-0.002436703537031626,0.0
2025-04-07,-0.099999532941627,-0.09980087693928918,-0.031027611727868054,-0.12585616438356162,0.01807237523666627,-0.0260207873862236,-0.09035322327769069,-0.04615378231806244
2025-04-08,-0.03251243542272653,-0.03347895286875402,-0.012925969447708519,0.0352595494613126,-0.0358329619739709,-0.012929497644917465,0.051005821001664176,0.024193513305649228
2025-04-09,-0.04600373865864216,-0.06241904856512992,0.009821428571428426,-0.04351939451277209,-0.04193582432299647,-0.050931558935361165,-0.04214583674982464,-0.007873721444061954
2025-04-10,0.09986280882071807,0.09968866394451381,0.033598585322723196,0.10385756676557856,0.02882387352138993,0.04998564398416172,0.04533395485883318,0.007936208942597833
2025-04-11,0.023321319939677565,0.020918486457642382,0.0273738237810095,-0.025985663082437216,-0.035625936893096344,-0.0324167403290323,-0.00510202677222138,0.011811006900230847
2025-04-14,-0.0051654285956928,0.013970860465622792,-0.0005550929780738789,0.013799448022079108,-0.001075832813283606,0.0012060347745503908,-0.019230370178746403,-0.007781810427407554
2025-04-15,0.01007818502282265,0.014694774674155475,0.0011108025548458578,-0.005444646098003658,0.013284172441282882,0.013867463156858273,-0.011765021171678325,0.011764685973251865
2025-04-16,-0.01814317673378063,-0.008749153307744506,0.022746185852982048,-0.014598540145985384,-0.0010628720997964969,0.0,0.015872970561998212,-0.0038762412753210462
2025-04-17,-0.011086047883423267,-0.007612749843402988,0.010848928668294233,0.0018518518518517713,0.006031874652116409,0.007730782304666617,-0.015624956093887366,-0.0038913249898623326
2025-04-18,0.0021785767314694837,0.0027614699627380723,0.005634558626240738,0.001848428835489857,-0.007407128608528768,-0.0014745424581490418,-0.00925887600356834,0.0
2025-04-21,-0.014292173406595055,-0.009788739194655283,0.015741728922091802,-0.01845018450184499,-0.013499063407679257,-0.014184876328726226,-0.0026709386317994577,-0.007812210276482601
2025-04-22,-0.016709944593887305,-0.012048976053743665,0.019963225636984383,-0.010338345864661758,-0.006841890821872587,-0.009891813390336623,0.009371876281988545,0.007873721444062065
2025-04-23,0.04424531534143328,0.022969722228315392,-0.043007983517898585,0.0370370370370372,0.02175461138933832,0.019674735648551156,0.02785028593017458,-0.0039056837222160024
2025-04-24,-0.005832647683850722,-0.005056876458542581,-0.0024219590958017845,-0.0009157509157510235,0.00106438184414559,0.003617226921995176,-0.01290249821436773,-0.003921844036681832
2025-04-25,0.023779724655819567,0.01621037205192488,-0.0026975991367683694,0.025664527956003713,0.005320034508331961,0.009913937488726932,-0.003921203555600772,-0.003937285456168671
2025-04-28,0.008445870549552037,0.005630666454588873,-0.0067622396537733165,-0.0008936550491510653,0.008107192592871515,0.0077340137139212395,0.00787327984412034,0.011857694026464971
2025-04-29,0.0038875774564768317,0.005908445456718203,0.002450980392156854,-0.0026833631484793896,-0.002098236286793842,-0.004721892554790719,-0.0013024309233911069,0.007813053108533197
2025-04-30,0.004769008061019875,-0.0037108344485637934,0.0008149959250203231,-0.008968609865470878,-0.0017509596605832511,-0.008009971922170678,0.001304129461930481,0.003875404977311092
2025-05-02,0.029063304469927553,0.01303629610664725,-0.020629750271444203,0.0,-0.03300801307277734,-0.03168634842481832,0.016927387017278805,-0.007721721454872599
2025-05-05,-0.008935635941534681,-0.00827436263173198,-0.0022172949002217113,-0.05339366515837107,-0.07152906704081663,-0.0685416728736522,0.034570609869658986,0.007781810427407665
2025-05-06,-0.005523977072268149,0.009579199452617093,0.03194444444444433,0.014340344168260133,0.009384183809778124,0.011934293857996714,-0.0012379543172155172,0.0038612772622002023
2025-05-07,-0.003800051436496421,-0.0012240748552894143,0.009152086137281357,0.005655042412818112,0.01937138130686522,0.01867018810671084,0.0,0.007692850296469489
2025-05-08,0.013207355971298185,0.006127875254462678,-0.004534542544678666,0.010309278350515427,0.0011400334301618908,0.0016066306266548924,0.0,-0.011451183206578341
2025-05-09,0.012456541410677646,0.008220526196260458,-0.015273311897106123,-0.0037105751391465214,-0.008728952647255594,-0.006743220636526992,0.006196106641493726,0.011583831786600829
2025-05-12,0.011157863541963131,0.010873608802640211,-0.014965986394557707,0.013035381750465369,-0.001917329964719383,0.0003257611200637722,-0.011084046600569053,0.0
2025-05-13,0.012167521486805555,0.012248935645820636,-0.005248618784530534,0.015625,0.0007700436631139507,0.00807555196796117,-0.019925233343456306,-0.007634122137718968
2025-05-14,0.022645273080759143,0.016530083350843938,-0.010552624271035649,0.009954751131221684,-0.005754512339868123,0.0,-0.0025406044252859195,-0.0038464251482346334
2025-05-15,-0.002186516853932563,-0.0014535408320290877,-0.025259612685939015,-0.007168458781361964,-0.012724144176779584,-0.013461406282218702,0.012738126820444284,0.011583831786600829
2025-05-16,0.0027385722039423577,0.003489632964216449,0.022746904693348835,0.004512635379061436,0.011716486054879738,0.007799681602993047,0.0012581979673382815,0.0
2025-05-19,-0.013933964149913547,-0.008981898674490507,0.0022522522522521182,0.0008984725965859308,-0.013126280172928939,-0.008707164139895252,0.04271412982330114,0.0
2025-05-20,0.0019406020877417163,-0.00029407002831660645,-0.0011235955056179137,0.008976660682226134,0.010561351051123768,0.011384914726465523,-0.01807320545238278,0.0038162375389632075
2025-05-21,0.015485654400749116,0.010824299312533148,0.024465691788526422,-0.007117437722420017,-0.013161864067077977,-0.008360685127978829,-0.006133962131753767,0.00760509927238795
2025-05-22,-0.010893143766663616,-0.0031847237889711666,0.010705462530881116,-0.017025089605734678,-0.019070192041942602,-0.019456024031457853,-0.007408048809729784,0.0037730349319200496
2025-05-23,-0.004130482508255429,-0.004644739733845937,-0.0038022813688213253,-0.001823154056517784,0.005267921177555479,0.004630762302900049,-0.006219224301410975,0.0
2025-05-26,-0.0011045153314001022,-0.0026232101369275673,0.005452562704471253,0.0018264840182649067,-0.0108798124697429,-0.009875305735653872,-0.002502447753131354,0.0
2025-05-27,-0.008857268967023546,-0.007893632557847585,-0.007049891540130249,-0.0027347310847766204,0.020775373518804763,0.01629030245780383,0.013801376075990301,-0.011278180241608093
2025-05-28,0.001675722454451245,0.00029307933124633756,-0.0057345712725287434,0.010054844606946833,-0.0007991285293089678,0.005233159713088131,0.006188436144526799,0.003802549636193975
2025-05-29,0.0022297949184511,0.004125214750889006,-0.012084592145015005,0.01538461538461533,0.0007997676464521764,0.004881418856442998,-0.020910478465724358,-0.018939907842236647
2025-06-02,-0.021418314522472448,-0.016137963506384523,0.016402557686961527,-0.016042780748663055,0.005985052090562215,0.003562549479853905,-0.0075369902195351335,0.015444275979273225
2025-06-03,0.00710565484883241,0.0077547856565112205,0.010940919037199182,0.004528985507246341,0.000790193241966497,0.002259343579381623,0.003797113920247064,-0.011406828509523681
2025-06-04,0.023426370617851244,0.008875630808538482,-0.0018939393939394478,0.009918845807033394,-0.003170810164974114,0.002250798308448987,-0.006305491111217032,-0.0038464251482346334
2025-06-05,0.001931504147519858,-0.0023468964945720927,0.002710761724044497,-0.002678571428571419,0.010737096206393737,0.00803232217465144,0.011421630851685904,0.0038612772622002023
2025-06-06,0.0016517369258235437,0.0,0.0024330900243307862,0.0,0.0007878129483276375,-0.001274520858746797,-0.007528884869391961,0.0
2025-06-09,0.009616231711201406,0.0038243395455315188,-0.01752966558791802,0.004476275738585445,-0.012578512122768948,-0.007338702503712158,0.0,0.019231295875985044
2025-06-10,0.026947326970148566,0.01142268914794875,-0.0010979961570134478,0.002673796791443861,0.005572152663556151,0.008037471436301624,0.0,0.0037730349319200496
2025-06-11,0.0,0.001737741721182573,0.009343226161033114,0.000888888888888939,-0.0015814333878557685,-0.0009573533283413482,-0.0037923174196964338,0.0
2025-06-12,0.0,0.0,0.00789545330792274,-0.009769094138543433,-0.0011910881530611261,-0.0019165414640324174,0.005076128230092181,0.00751932759203866
2025-06-13,0.0,0.0,0.014316585629389422,-0.010762331838565009,0.012305851241882548,0.007355134706977573,0.006313454715880962,0.0074624041839057575
2025-06-16,0.0,0.00029075465534145195,-0.00026631158455392434,0.0036264732547597323,-0.019216063951589923,-0.014286297816718752,-0.0037637654984553626,0.007407129192032347
2025-06-17,0.0,0.0014435528382796825,-0.009323388385721887,0.0018066847335140857,-0.007198125453043658,-0.0028972895321172087,-0.00629754757135359,0.003676730145458773
2025-06-18,0.008692999847491167,0.0014447332461493545,0.00026888948642112,-0.0027051397655546428,0.00926664855503101,0.0041975188922984685,-0.011407150906445285,0.003663261322125022
2025-06-19,-0.00987947643526721,-0.008359548512736348,-0.005913978494623828,-0.0018083182640143969,0.005185923561253247,0.002897011250060366,-0.006410584519697116,-0.003649890818260615
2025-06-20,-0.0014877641217611037,-0.005812674257077766,-0.007030827474310386,-0.0018115942028985588,-0.0035733413670751,-0.0028886428193153346,0.005161277746914994,0.0
2025-06-23,-0.008291022537599058,-0.00906066982232101,0.00027233115468394686,0.0027223230490018846,0.004782940983799389,0.004504162729260575,0.016688367454358977,0.0
2025-06-24,0.018223114187461142,0.016223657806489378,-0.005445140212360311,0.0117647058823529,0.0007898795120300228,0.00031930234155042037,0.008838019150176901,-0.007325732296608045
2025-06-25,0.01453047483670522,0.004644739733845826,-0.0030112236517930713,0.0026833631484795006,0.001983580132461471,0.0022412674659262333,-0.006256794625071782,0.011070090135565591
2025-06-26,0.0012454229639786707,0.0011558164667930804,0.0019220208676551387,-0.008920606601248937,-0.00593062461188365,-0.007982712683985982,0.011333954843566918,0.0
2025-06-27,0.0010351415651936868,0.001154482097374343,-0.015072622636338795,0.0027002700270029045,-0.007559177923678662,-0.0077293518598429145,-0.0024899822892786583,-0.003649890818260615
2025-06-30,0.001451103966705336,-0.002016385165398926,-0.0005564830272675181,0.014362657091561815,0.004009040407240816,0.0045436201450062,0.011236257777885506,-0.010988993618733178
2025-07-01,0.0057896313545187095,0.002598199539113333,0.012806236080178168,-0.0008849557522123686,0.01596792109869405,0.016797002168025488,0.008641613491947364,0.0
2025-07-02,0.00020490331520894856,0.004033702085544322,0.0032985156679492533,0.001771479185119551,-0.0058933400701569605,-0.002224175045641541,0.0036716295299390467,-0.0037039641606505525
2025-07-03,0.013772173071927352,0.008608921501551459,0.002465753424657713,-0.0053050397877983935,-0.00869869519572064,-0.005093210531885495,-0.010975909845158283,0.011583129265669179
2025-07-04,-0.009326850162079237,-0.007397381821922733,-0.0032795845859525663,0.002666666666666595,-0.008770823877485845,-0.005760910216951909,0.017263263774687454,-0.0038163036169646114
2025-07-07,-0.005936471553092848,-0.0017198102055027142,-0.010419522895530497,0.006205673758865382,0.004426335850352681,0.004507053918997084,0.0024235813286144214,-0.003831719537869427
2025-07-08,-0.004529184789047069,-0.0051683191445182075,0.008035466888334675,-0.0008810572687224516,-0.009611447626685754,-0.008654156674934854,0.013302036470674405,-0.007692117157967693
2025-07-09,0.010342753803358029,0.008658615730307684,-0.011819681143485417,-0.0008818342151676317,-0.0008097925226316915,-0.0029075912737606124,-0.003580906467650302,-0.007751744484722711
2025-07-10,0.01146311401276301,0.0025736696779032897,0.009457579972183439,0.008826125330979595,0.01578242435100119,0.011021284878143689,0.0059883334754819995,0.015624606930041418
2025-07-11,0.004250469963900105,0.004566534013583423,0.005235602094240788,0.0017497812773403787,-0.0015915141640561181,-0.0006394235562262596,0.01071457932976383,0.003846458086470994
2025-07-14,-0.0058455434719587585,-0.004828281401485612,0.006304824561403688,-0.003493449781659441,-0.011974310120752563,-0.009948366190690838,0.00471141173315659,0.0
2025-07-15,0.013582332345363213,0.006564643186642183,0.0,0.0122699386503069,0.0008088135131454344,0.0019457348449840595,-0.008205990993270351,-0.007662643122365864
2025-07-16,0.007999917802026246,0.006239804633543677,-0.006810133478616143,-0.006926406926406892,-0.002016146183358658,-0.0016159850746786386,0.010638582814753939,0.00772181261670557
2025-07-17,0.005952829938657089,0.0016912120671643827,0.00027427317608341717,0.0043591979075849885,-0.0008097925226316915,0.0003230254634374319,0.004678346336452144,0.0
2025-07-18,0.01479198205263832,0.0016883566979430942,-0.0019193857965451588,0.00868055555555558,0.005259386276968758,0.006152863234211603,0.0023276525881161803,-0.011494362660235291
2025-07-21,-0.0037184817730487874,0.002015629860524726,0.009065934065934034,-0.000860585197934638,0.0004031043276431223,0.000652245934678719,0.005807497863231648,0.0
2025-07-22,-0.006875400898011419,-0.010919527485721003,0.00843996732915886,-0.003445305770887086,0.006035645512924015,0.003917822297789142,0.004618923256347163,0.0116280193314513
2025-07-23,0.0029669996972447876,0.01046037165386604,0.01025917926565878,0.0017286084701815252,-0.001597881857927641,-0.0022776226154528345,-0.008045641995596875,-0.003831719537869427
2025-07-24,0.005916445303066897,0.00201272932435681,-0.014965259219668736,0.006039689387402847,-0.003205101135931754,-0.0006507592190888589,-0.010429013688627586,-0.0038456590714966987
2025-07-25,-0.0019605489537070087,0.0005725547011170562,-0.005425935973955576,0.006003430531732468,0.008841309716967949,0.007500663241926553,-0.0058550983199128215,-0.0038613073581406088
2025-07-28,0.0029466003848621636,0.0025797640274667355,-0.007092198581560183,0.010230179028132946,0.0011967850574037264,0.003235094966794083,-0.01766747626183085,0.003876274846728478
2025-07-29,-0.011751773758369,-0.007435577250539116,-0.005494505494505364,0.0033755274261604296,0.004773029447662225,0.005484653877094514,-0.009592295112509586,-0.0038613073581406088
2025-07-30,0.010900560195765019,0.0020173716348017567,0.0033149171270716593,-0.001682085786375076,0.014259416182099693,0.009943282944540721,0.001209670044859612,0.003876274846728478
2025-07-31,0.010785019805545693,0.0005738726256416804,-0.010187224669603423,0.01347935973041281,0.005465537890417593,0.004766604230864724,-0.00627198521966954,-0.0038613073581406088
2025-08-01,-0.008730314239853043,0.0005767122332704933,0.0,-0.012468827930174564,-0.0027179140828061943,-0.0022149763134509115,0.0025248911198147983,0.003876274846728478
2025-08-04,-0.0058701381678780695,-0.0005763798279727617,0.019193324061196115,-0.014309764309764383,0.0031152392249251815,-0.0003147360068036509,0.007556905990517837,0.01158231787527031
2025-08-05,0.01279574211689094,0.009198876995519356,0.00245633187772909,0.015371477369769515,0.013199672667757678,0.010459893692915223,-0.0025009424029324157,0.007634193065475747
2025-08-06,-0.008747280728021334,-0.0002857277422798621,0.000272257010618171,-0.000841042893187649,0.0015305339503930426,0.002194290866181392,-0.008771335416596138,0.003787389950865583
2025-08-07,0.02843196094906597,0.0025660031281995455,0.004354926510615087,0.0,-0.009181266506723573,-0.0059466717820833015,0.0,0.0
2025-08-08,0.0,0.0014191240276808514,0.014363143631436426,0.0008417508417508657,0.0034753874202368973,0.0037796616936611738,-0.011378351552280619,0.011320867130915513
2025-08-11,0.007625390995813719,-0.0002815456229040558,-0.014961261020571825,0.006728343145500304,-0.002692816182851998,-0.0018827148217387402,-0.0051143617021277565,0.0037316383085927995
2025-08-12,0.0009478910871210111,-0.0005695081577350436,-0.010306482234879177,-0.0025062656641603454,0.0011589228929969053,0.0018862661229259725,0.0,0.003716992672589514
2025-08-13,0.008505582632410302,-0.003976304979460887,-0.0005480953685942369,0.010887772194304812,-0.0019293022424584638,0.002194290866181392,-0.0025716630533284546,-0.003703227801984732
2025-08-14,-0.003748376818966781,-0.000568964108109471,0.0030161776802850593,0.0008285004142500885,0.005021812736033304,0.005321576694867769,0.007732200527987398,0.0
2025-08-15,0.0,-0.000572433250194182,-0.004373974849644524,0.007450331125827825,-0.0015386982612709543,0.000934324243411222,0.007672872340425574,0.003716992672589514
2025-08-18,0.0028218600088687484,0.0019983698337420197,0.0019220208676551387,-0.0024650780608052036,-0.007697236619055747,-0.0031126025893436493,-0.012689866318276066,0.014815219473761632
2025-08-19,-0.0018759463479344207,-0.002562862365496854,-0.004932858317347244,-0.0032948929159802853,-0.002325448333360569,-0.0028058028354763787,-0.006427821010112744,0.007299087443476848
2025-08-20,-0.028195917709805673,-0.014566500198376464,-0.004406499586890766,-0.0016528925619835322,0.008553345759170883,0.006255600117705873,-0.0025869549132637726,-0.01086967157649743
2025-08-21,0.005802009389782592,0.006087195480457108,0.00636237897648706,0.008278145695364225,0.010905634781054552,0.007465310293387928,0.009079849262633166,0.007326587110137561
2025-08-22,-0.004807116887499685,-0.0031696929082092318,-0.0030236393622870006,-0.0008210180623973162,0.00038571566327028073,0.0015426612700701892,-0.0038561579567842896,-0.010909192549023672
2025-08-25,0.018357251715755307,0.009826068393769205,0.009374138406396337,0.011503697617091246,-0.0019278347203032231,0.002155747901239291,0.0038710854738355227,-0.0036767598076843377
2025-08-26,0.0009486527195357031,-0.0008581984773285978,0.003824091778202643,-0.0032493907392363575,-0.0038590928113833023,-0.0036880824570751924,-0.019280789783921448,-0.014759779868163125
2025-08-27,0.004740702343466019,0.003723106946957433,0.0008163265306122547,0.007334963325183352,0.00503746793512283,0.003395159370281009,0.005243080210813433,0.00374483461027042
2025-08-28,-0.00943474318671389,0.0,0.005981511691136365,-0.0008090614886731018,0.0019293224862535485,0.0009231149278086104,0.01303730056292518,-0.007462501453431858
2025-08-29,0.0,-0.0014252005663049072,0.006486486486486642,0.004048582995951344,0.0030769601078342035,0.0012275198254194652,-0.003861122710093201,-0.0037596950382803307
2025-09-01,-0.009524605392547514,-0.00943298140814186,0.023630504833512145,-0.0040322580645161255,-0.006139042309399767,-0.0064446866202209074,0.0,0.011320867130915513
2025-09-02,0.0,0.0002894374417548029,0.005508919202518392,0.0008097165991902688,0.0015452467565915118,0.00030685961825360764,0.010335788861316697,0.007462501453432191
2025-09-03,-0.000961423377499937,0.002594644094958909,0.010174797808505165,-0.0024271844660194164,-0.0046245700877501905,-0.0030872356187361394,-0.003836436170212787,-0.007407225025910402
2025-09-04,0.006738404190340663,0.004316387047667458,-0.0025826446280992066,0.0040551500405514584,0.012775645139805336,0.012390458201435806,0.0025670290943313745,0.007462501453432191
2025-09-05,0.010514980433162568,0.005728342664784503,0.008285862247540132,0.008077544426494443,0.006117926521111983,0.007957654027976213,0.0,-0.003703227801984732
2025-09-08,0.009461536085499267,0.008543573480697786,0.0015408320493066618,-0.004807692307692291,0.0079782282312022,0.005767941409520638,0.01024448829486646,0.0
2025-09-09,0.010309948689311232,0.007060889273550197,0.01897435897435895,-0.006441223832528209,0.00791507991715501,0.0027175213143617594,0.0063368883874674875,0.007434757627055699
2025-09-10,0.019480052396059655,0.011497060041919749,-0.00452944136889788,0.0016207455429497752,-0.009724523814165775,-0.0069248949496298895,0.0012586112056998111,0.0
2025-09-11,0.009099939655572653,-0.002772064194527357,-0.004044489383215444,0.005663430420711935,0.01057601064688507,0.010003331240630908,-0.00754609869705869,-0.007379889934081452
2025-09-12,0.009917641257387588,0.005838436218532195,0.00786802030456868,0.002413515687851975,0.002240344116856141,0.004202093752675884,0.005068983514600722,0.007434757627055699
2025-09-15,0.0,0.001106063237566124,-0.0027700831024930483,0.0048154093097914075,-0.0018621322386016548,0.0005968848296509233,-0.001260198956696934,-0.0036903282583014008
2025-09-16,0.013393068617841175,0.002483610000182379,0.00959595959595938,-0.0007987220447285281,-0.0011217006227774995,-0.0005965287706772848,0.0025248911198147983,-0.007407225025910402
2025-09-17,-0.007047609116585751,-0.003579560980052743,-0.001250625312656295,-0.006394884092725817,0.000748640165324721,-0.0005968848296510343,-0.005038373890038472,0.0037316383085927995
2025-09-18,0.01064644566238826,0.0060818243035307695,-0.0067618332081142984,0.008849557522123908,-0.0011221201837472439,-0.000600401320882904,0.0025326019852756065,-0.003717764954466296
2025-09-19,0.0008778577404657817,0.004394479491924175,-0.0002521432173474558,-0.0007974481658692412,-0.01084764538614269,-0.005384724835185706,-0.010102190471063421,0.0
2025-09-22,0.007018492232403251,0.006564386469584349,0.011853720050441385,0.008778930566640142,0.0,0.000600835447384096,0.0025519847517583294,-0.0037308631448393914
2025-09-23,0.018292249390317705,0.003804502493896189,0.013958125623130702,0.003955696202531556,-0.00037856680915493435,-0.0024050757582978477,-0.002545488703401544,0.0
2025-09-24,-0.0008553289612640569,-0.0013518957876359483,0.006145526057030448,0.0,0.010970760418474779,0.007837729383364023,0.008929293840352237,0.0074904472871542005
2025-09-25,-0.0034242447007192256,0.0018976069234262205,-0.010017102369899722,-0.0007880220646179215,-0.00074920104732068,-0.002692325923116967,-0.01011365204987813,-0.007434757627055921
2025-09-26,-0.01632280266255748,-0.012175370674715968,0.0022211253701873712,-0.003154574132492094,-0.001495620526317798,-0.002100740487257835,0.001276292827526504,0.0074904472871542005
2025-09-30,0.009605822661187036,0.00794118091097129,0.03176557498153154,0.007911392405063333,0.007876479284155469,0.008115831586968936,0.0,-0.007434757627055921
2025-10-01,0.005191453607009899,0.00027260608420820454,0.00023866348448686736,0.0,-0.003348699323275639,-0.0026834983747826557,-0.0012746659804782068,0.0074904472871542005
2025-10-02,0.018932336346187295,0.006247267194959161,-0.00023860653781904162,0.005494505494505475,0.0014911484958088916,0.0026907189146170296,-0.003831534659119562,-0.011152522581521995
2025-10-03,0.014358099374385924,0.0,-0.004773269689737347,0.0023419203747072626,0.002239223735771567,0.00297956509688313,-0.007692543565527288,0.0
2025-10-07,0.02747718588217718,0.01133955570370726,0.028057553956834402,-0.00233644859813098,-0.006698783590889268,-0.004754397975141544,0.00904331142928938,0.0
2025-10-08,-0.00891467804799817,-0.0008004661538190128,0.017728014928854785,0.0031225604996096834,0.00823958044524975,0.005673212843295694,-0.0012795624189455568,0.0037596950382801086
2025-10-09,0.007359737845837655,-0.00026801755367722446,0.0004584001833600748,0.0046692607003890885,-0.0007436355256379423,-0.001782094965581682,-0.005128806775837602,-0.0037456126768835585
2025-10-13,-0.009740738348298139,-0.012827046980459,0.008018327605956443,-0.010844306738961973,0.015244245132733036,0.004164597464153097,0.0,-0.0037596950382803307
2025-10-14,-0.004917440522385963,-0.009475207783099626,0.025454545454545396,0.0,0.006589496510544635,0.005922067840855583,0.005155247041796596,0.0
2025-10-15,0.018121398748092155,0.0021873399415501815,0.0050975177304966035,0.002349256068911565,-0.0018167474531399774,0.001767405678724021,-0.0064100085724532185,-0.007546983440850585
2025-10-16,0.0194167864978958,0.014180665953174243,0.006615214994487362,-0.0015625000000000222,0.0018200540316666292,0.0029415144916957736,0.0012894672930177098,0.003802581711272346
2025-10-17,-0.015079177422855028,-0.0021520484477683954,0.03176341730558607,-0.009389671361502372,0.010551547838487663,0.004980024156833629,0.007732200527987398,0.007575566810093859
2025-10-20,0.016923094630880264,0.010239820335267158,-0.026114649681528768,0.010268562401263948,-0.012239153280288129,-0.007288180512668996,0.00639361702127661,0.0
2025-10-21,0.0015845938669749593,0.004534307239012714,0.019402659690429536,0.009382329945269552,0.009837411039634425,0.008223311489353957,0.0050831915096034574,0.0
2025-10-22,-0.007912048883256473,0.00239157416514435,-0.043840889649272796,0.006971340046475705,0.0068593660636344644,0.004372163481966229,-0.0025280843483577176,0.0037596950382801086
2025-10-23,-0.005581464979968587,-0.0018981815420826553,-0.011630507716394622,-0.007692307692307665,0.0028663146368899106,0.0008798229318029982,0.012673776774934975,0.00374483461027042
2025-10-27,0.02325463423574381,0.01167992556680697,-0.0029418420457115735,0.023255813953488413,-0.013940333435187302,-0.004992511233150143,-0.01126442705649,-0.014925002906864049
2025-10-28,-0.007052445567434007,-0.002952787217121,-0.027462551066727237,-0.0015151515151514694,0.006163625163916109,0.0038385884337510667,0.0,0.0
2025-10-29,0.016574194119873376,0.009157254158037365,-0.0018669778296381834,0.0007587253414262918,0.0003605660887593398,-0.001471914040219846,-0.002531285664077454,0.0
2025-10-30,0.0,-0.001868293902750895,-0.0016366612111292644,0.0037907505686125553,-0.0072049680112936665,-0.004419180286586499,0.01015215698694849,-0.003788176859228387
2025-10-31,0.005435712520358127,0.0016039808674166434,0.011241217798594771,-0.0015105740181270422,-0.003989789165169677,-0.009466758383278706,-0.011306882239899174,-0.003802581711272457
2025-11-03,-0.00926686069139826,-0.003470205682282068,0.00208429828624368,-0.0015128593040846239,-0.00108972168432242,-0.005673926718527178,-0.007624126594856229,0.0038170965327379847
2025-11-04,-0.0031173160544957224,-0.009910245202835455,-0.005777675063554422,-0.0007575757575757347,0.0018207181763931768,-0.004506789937863354,0.0,-0.003802581711272457
2025-11-05,-0.012509851847360975,-0.004872135580576753,-0.0030218503021850474,-0.007581501137225222,0.005095575234669525,0.007242250445955278,0.0,0.007634193065475747
2025-11-06,0.0023750090880449992,0.00462366473013498,0.0037304733038003857,0.0038197097020626902,-0.011222891225156184,-0.0059907733344994885,-0.007681368985324455,-0.003788176859228387
2025-11-07,-0.011848520748208857,-0.010825368788310752,-0.00046457607433203485,-0.006088280060882911,0.006589496510544635,0.005121904468625926,-0.014193532804933517,0.0076043735218984665
2025-11-10,0.012789855545261242,0.0005451293429863391,0.016500116198001402,0.007656967840734996,-0.005818143200661541,-0.007196651149994793,-0.011780462806812664,0.0037738836900649275
2025-11-11,-0.007104146366996522,-0.0043733839094811655,0.019661636945587535,0.006838905775075954,0.004391051563382264,0.0042290022010964545,-0.006622261155094233,-0.007518609084654182
2025-11-12,0.004770524936171361,0.001372500879997851,-0.007623318385650335,0.008301886792452695,0.005826607159813868,0.006917268713626301,0.004000122014120366,0.0
2025-11-13,-0.004747875079709751,0.001370619703249254,0.025305015815634935,0.002245508982035904,0.004346529007700051,0.0,-0.006641228648014752,-0.003788176859228387
2025-11-14,-0.019077233517276748,-0.010407171744882704,-0.0066108417805201825,-0.017176997759522084,-0.005410588058354593,-0.006271837766802291,0.0053482255068788565,0.0
2025-11-17,0.003241099791147395,-0.009410705609162129,-0.029946761313220938,0.003039513677811634,-0.007250842088151854,-0.005408894905736039,-0.0013302892480270279,0.003802581711272346
2025-11-18,-0.023425356811435094,-0.022072630539974436,-0.011662474273953727,-0.014393939393939403,0.008034942479712592,0.004530874855850131,-0.0013306765957389333,-0.007576353718456774
2025-11-19,-0.006616245921810204,-0.0074282179969659134,0.019435446552522162,-0.006149116064565585,-0.0025348207303759196,-0.0012013198835691963,-0.002667672358810158,-0.0038163036169646114
2025-11-20,0.030807341974748548,0.021874796551371256,-0.004085338175215614,0.01856148491879339,-0.0007271570431975904,0.0015042410805412576,0.002674807869829543,0.011494362660235513
2025-11-21,-0.033117243811944475,-0.014082926044918453,-0.005241567912488643,-0.021260440394836655,0.007345082433200645,0.00511426349588584,-0.002667672358810158,-0.003788176859228387
2025-11-24,-0.005013629366468875,0.004286457195432192,-0.0016036655211912887,0.01706749418153608,0.006196668021129614,0.007181563783954292,0.0013374039349147715,0.003802581711272346
2025-11-25,0.01343419113867661,0.0,0.02432308398347871,0.009153318077803396,0.006158505805148984,0.0071303566727065615,0.0,-0.007576353718456774
2025-11-26,0.016571400555535742,0.015362931642001199,0.0044802867383513245,0.008314436885865417,-0.00035676856868915863,0.0005874266101180137,0.0040054646477829525,0.0
2025-11-27,0.008963866802593756,0.012327088815392573,-0.00423728813559332,0.0037481259370315545,0.0025205772791150327,0.004128014557168269,0.01861713528709763,0.0
2025-11-28,0.007270563530484164,-0.0030435002936187727,0.00492721164613652,0.005227781926810948,-0.0007194137890115249,-0.0002938646569591308,-0.0013059757213410572,-0.0038163036169646114
2025-12-01,-0.013632704089647563,-0.0005561402669472804,0.012257633162469528,-0.004457652303120341,-0.003955913459754323,-0.002054595281473337,0.0,-0.003831719537869427
2025-12-02,0.0032516386765830685,0.0030544901903297728,-0.0008806693086745865,0.0029850746268658135,-0.00505208566191262,-0.003237050264793706,-0.010457390179052117,0.0
2025-12-03,0.009724952995784797,0.0055386047011032336,-0.000661084178051996,0.0029761904761904656,-0.0032653305772745167,-0.000591025644972043,-0.0052832645794612665,0.0
2025-12-04,-0.0016049419109289698,0.002479682031203856,-0.006394707828004442,-0.0037091988130564246,-0.0021865232026929693,-0.0020667329910339927,0.005311325718499793,-0.0038456590714966987
2025-12-05,0.008841370396008186,0.004121594432740849,0.005770084332001657,0.005212211466865124,-0.0021875494175319643,0.0,0.009247773569665219,0.0038605052585649613
2025-12-08,0.01513924659850674,0.0019153193131959956,-0.0026478375992938785,-0.0037037037037036535,-0.011335292985627077,-0.00799392585093639,-0.014397889725068058,-0.0038456590714966987
2025-12-09,-0.0015696701290172088,-0.0010940565086068332,-0.0064159292035399496,-0.004460966542750855,-0.0018510814514005602,-0.0005973752823530409,-0.006641228648014752,0.0038605052585649613
2025-12-10,0.007076224623208338,0.0002738136948066128,0.004676018704074858,0.0014936519790886837,0.004076107737722046,0.001494330882215733,0.002674807869829543,-0.0038456590714966987
2025-12-11,-0.010929231592663569,-0.007105433566845232,0.0017730496453902678,-0.002982848620432521,0.005167752008835125,0.006260607906892979,-0.004000122014120366,0.0038605052585649613
2025-12-12,0.0015783412921461792,0.003578141026781223,0.015486725663716783,0.011219147344801783,-0.006607387089074601,-0.006221656554672661,0.0026769941378979034,0.003846458086470994
2025-12-15,-0.010244659382361632,-0.004936003284760959,0.013725490196078383,-0.005177514792899296,-0.0025895966102600365,-0.00447319502384258,0.002669846973201606,0.0
2025-12-16,-0.008756908859912205,-0.005788720603689401,-0.011820330969267268,-0.0029739776951672736,0.005559719184472511,0.0038937721503176093,-0.005325475741114971,0.0
2025-12-17,-0.005623447036995799,0.003603931779094127,0.013484123531970482,0.0022371364653244186,0.003684718873822268,0.0026842756810221413,0.029451111794783325,-0.007662643122365864
2025-12-18,0.0,-0.0024872143496796895,0.00021459227467812703,-0.008928571428571508,0.0029361955241014037,0.001191196314736409,0.02730767722471561,0.0038605052585649613
2025-12-19,0.009693535280611343,0.007477265474241213,-0.004076378459557994,0.007507507507507505,-0.00036642213340798424,0.0011866806713576317,-0.007595173313430514,0.007692117157967582
2025-12-22,0.014399892910897272,0.00934604339974543,0.020249892287806937,0.01192250372578263,-0.002928672649976316,-0.0008881819194632712,-0.0076519750690721144,-0.0038163036169646114
2025-12-23,0.004731290081188444,-0.004901055002683896,0.016891891891891886,0.0007363770250368162,0.0014705324995261115,0.0008889714878657085,-0.006427821010112744,0.0
2025-12-24,0.0023545051935258687,0.00027411311144920347,0.0020764119601328623,0.002207505518763586,-0.0014683732090009505,-0.0005910897094686396,0.014230269928498851,0.0
2025-12-26,0.008614504518180466,0.0016412813191541975,0.003937007874015741,0.004405286343612591,0.00183437559219235,0.0014832430691673615,0.026786555125656086,0.007662643122366086
2025-12-29,0.01319875284380756,0.0032771838576630685,-0.0014447884416924905,-0.0029239766081872176,-0.001464056837183203,0.0002968276544430548,-0.011180466027143066,0.003802581711272346
2025-12-30,-0.0015323825264609292,-0.0010878489326765495,-0.031831335262505145,-0.0021994134897361795,-0.0011024940613078016,-0.002667565128154248,-0.022612458080926268,-0.007576353718456774
2025-12-31,0.006907870524800908,0.0010890336367559428,-0.008539709649872052,-0.0022042615723730785,0.001103710896015908,0.0014845670116192533,-0.008998147440232862,-0.0038163036169646114
2026-01-02,0.020578327044690203,0.007623739150832698,0.010551248923341916,-0.0007363770250370383,-0.006974885109510609,-0.005044378148868045,0.0038911712897646833,0.011494362660235513
2026-01-05,0.0380881118092502,0.0032417646374114373,0.005753249520562553,-0.0007369196757552876,0.0,-0.0005971969070176497,-0.0051685661964753216,0.007575566810093859
2026-01-06,0.012949549459615683,0.0035010471234562246,0.013347457627118642,0.00884955752212413,0.001476501873288072,0.0011951075285550061,-0.010389487615806381,-0.0037596950382803307
2026-01-07,-0.007811560239593174,0.009662938886175088,-0.0012544428183147716,0.004385964912280604,0.00221720198252906,0.003577934310245112,-0.011810029654719778,0.0037738836900649275
2026-01-08,0.003578664150403199,-0.005582529830749139,-0.00879212895122461,-0.0007278020378456151,0.009943932338686512,0.006833000356208041,0.003984184788838219,0.0037596950382801086
2026-01-09,-0.0035659029812404874,-0.00026773838792693017,0.008658922914466682,0.0,-0.0007301715150305199,-0.0011813530799781313,-0.00396837405329864,0.0
2026-01-12,0.00715732830080662,0.007219353742573986,0.026172529313232884,0.002184996358339353,-0.0018229961167169906,0.001771045409604266,0.003984184788838219,0.0
2026-01-13,0.004975975797410603,0.0018583746940830093,0.004896959804121748,0.007994186046511587,0.002558365061336554,0.0026564834799933656,0.006613498248963623,0.0
2026-01-14,0.0007071278487151833,0.0058301799565090295,0.007106598984771617,-0.005046863734679108,-0.0007301715150305199,0.0011744647445921519,-0.00788460329650209,-0.0037456126768835585
2026-01-15,-0.0014146984428222709,0.0013164577073774275,-0.010483870967741948,-0.0036231884057971175,0.0054765213919554245,0.004113461709276622,0.006622261155094344,0.0037596950382801086
2026-01-16,0.01910887814768647,0.006576468088120846,0.0026487367563161612,0.0007272727272726875,-0.0010900876939962112,-0.0008784987432588487,-0.007894981692399439,-0.0037456126768835585
2026-01-19,0.008333746643332418,0.004183016839035547,0.015850436903068532,-0.01017441860465118,-0.01199279981999557,-0.009955914319908055,-0.00928319040539316,0.00751860908465396
2026-01-20,0.0,0.0007792965026967025,0.006201240248049578,0.0022026431718062955,0.0018408726875223103,0.0020722640409764903,-0.0026769941378979034,-0.007462501453431858
2026-01-21,-0.010330735307757855,-0.006240721548416039,0.035785288270377746,-0.0073260073260073,-0.0029361955241014037,-0.0026557523349387546,-0.0026855755004047133,0.0
2026-01-22,0.013409257116079543,0.011246342824607902,-0.015355086372360938,0.010332103321033292,0.0051525238247229765,0.008395764165730846,-0.0026914076495879735,0.0
2026-01-23,0.006266306830442714,-0.0007943763727381592,0.033138401559454245,0.0021913805697588717,0.0011000725821084245,0.002377506402744034,-0.006747378865042619,0.00751860908465396
2026-01-26,0.0,0.01325292130537492,0.019811320754717032,-0.0080174927113702,-0.0014651516696309042,-0.005338990811685318,-0.0013592082117651616,0.0
2026-01-27,0.011073204015985771,0.007323022371007459,0.0,0.01102130786186617,0.002567777605499977,0.0005953824104394378,-0.006802461223282874,-0.007462501453431858
2026-01-28,0.01574202362818533,0.002855987187686315,0.03977798334875127,-0.003633720930232509,-0.01133114556221948,-0.00983636726118342,-0.004109715881167264,0.0037596950382801086
2026-01-29,-0.006063630151102561,-0.00932024864897274,0.07740213523131656,0.0,-0.0036969775586975784,-0.0027073240239384733,-0.004126675344366393,0.0
2026-01-30,-0.015593964858670817,-0.017773290823414167,-0.07844756399669695,-0.00364697301239969,0.0022248857879196837,0.0012051411071147822,-0.009667851628424762,0.0
2026-02-02,-0.015150864249198648,-0.011443390783673402,-0.11093189964157701,-0.005124450951683679,0.013331142680289565,0.012362645885426016,-0.0013952260643311787,-0.0037456126768835585
2026-02-03,0.020279283386521962,0.01292155840623721,0.03608143519451712,0.01986754966887405,-0.010595497102263596,-0.005362718990460369,0.01257022186332657,0.0037596950382801086
2026-02-04,-0.000685434043867561,0.005579842086273601,0.051556420233463074,-0.010101010101010166,0.0029535398651661104,0.0,-0.005517888314039099,-0.0037456126768835585
2026-02-05,-0.012346275347058011,-0.007662739338918367,-0.04255319148936165,-0.002915451895043608,0.0022076816682625733,0.0020981153932655427,0.016644070730089,-0.0037596950382803307
2026-02-06,-0.0013889568151805864,-0.0007988183094762569,-0.004830917874396157,-0.01388888888888895,0.008818857036697159,0.0038830712849491356,0.012278685733741801,0.0037738836900649275
2026-02-09,0.028513218340140645,0.013593572927302677,0.03689320388349504,0.021497405485544796,-0.004735435716460179,-0.0017854900603635482,-0.013477965341573861,-0.007518609084654182
2026-02-10,0.020959745751182535,0.008150263741981245,-0.000936329588014928,0.0,0.002193951340349498,-0.00029760261153966017,-0.002731852289613368,0.003787389950865583
2026-02-11,0.02251630389881032,0.009391050364689013,0.005623242736644718,-0.0014513788098694524,0.006936699321778539,0.001491525007595751,0.0054800960120797715,0.0037738836900649275
2026-02-23,0.0025907984950432894,0.011109479363835995,0.02143522833178002,-0.012354651162790664,0.010155627317664617,0.007740701811373318,0.023159573955644497,0.015037218169308142
2026-02-24,0.025839736182259765,0.01507844503199407,0.0018248175182482562,-0.0014716703458426128,0.0014335722620435476,-0.001179858477800222,-0.0146471353066856,0.003703997223925448
2026-02-25,0.021410343158497547,0.00830694630294504,0.0009107468123863427,0.0007369196757556207,-0.0021491296209985578,-0.0029592193993271954,0.009460224757627422,0.003690328258301623
2026-02-26,0.0006165526395771614,0.005994271148135555,0.0009099181073701779,0.003681885125184081,-0.00036328453705314345,-0.0014840011847581103,-0.029451111794783325,-0.014706275466755292
2026-03-02,-0.009858763786399938,-0.009681017525619784,0.030000000000000027,-0.008804108584006043,0.016331495236647342,0.004458620151862158,0.015172399944347825,0.029850780977481506
2026-03-03,-0.01991260142241813,-0.01929808364437291,0.0026478375992939895,0.005181347150259086,-0.006783012912900843,-0.002073280258170662,0.004076211736946611,0.0
2026-03-04,-0.03999938676720294,-0.03552283687790658,-0.03697183098591539,-0.0044182621502211195,0.0032364956209958162,0.003560271398237891,-0.03112361922183915,-0.018115868395758183
2026-03-05,0.023809333695310908,0.02013765331221329,0.001828153564899404,0.009615384615384803,-0.010037020897949,-0.0020702171448027107,-0.005585797029041606,0.011070218192383185
2026-03-06,-0.007106284909120908,0.0033761341487084096,-0.009124087591240837,-0.00073260073260073,0.0010874872386701373,0.0011850001523137088,0.009830783746126004,-0.003649922816339357
2026-03-09,-0.04228960583987473,-0.027179747056163106,-0.006445672191528473,-0.0256598240469208,-0.0036173247315641754,-0.010941431696682602,-0.015299016367835927,-0.003662532588397771
2026-03-10,0.02173880355246194,0.00798180708112306,0.016682113067655102,0.020316027088036037,0.010887663491098154,0.014351064255236468,-0.008474837663529855,-0.007353519615368342
2026-03-11,0.039892862685496855,0.02006323768032181,0.004557885141294404,0.0022123893805310324,-0.009695560145121518,-0.010314562305900665,0.0,0.003703997223925448
2026-03-12,-0.02046007178972553,-0.002846379922262332,-0.012704174228675202,-0.012509197939661654,-0.010875846434233671,-0.013700980917913608,-0.0014235581844227463,0.003690328258301623
2026-03-13,-0.00848473863458754,-0.0007785013439391975,-0.004595588235294157,0.0,0.0021983372032057247,-0.0018113690594552256,-0.0014270710331281133,0.0
2026-03-16,-0.004608514691213705,0.008053515143396694,-0.02123730378578026,0.0022354694485842153,0.003292141087490208,0.0015127321623666923,0.007142581252804092,0.0036759960437025008
2026-03-17,0.013888223489143536,0.008244090153464834,0.008490566037735903,-0.0022304832713755385,-0.004007627901433275,-0.003925298126858934,0.005674426288509116,0.0036632935550688916
2026-03-18,0.015003990213476204,0.007412806726396104,-0.012160898035547318,0.006706408345752646,0.006585343963621648,0.011522764714692268,0.007051911041491721,0.003649922816339135
2026-03-19,-0.023136060623694554,-0.01369928847001034,-0.025568181818181657,-0.014803849000740166,-0.004361507283419996,-0.004497376530357311,-0.014006516081204734,-0.014545841876009491
2026-03-20,-0.0013158521797608236,-0.0028288045390808536,-0.027210884353741638,-0.0007513148009015147,0.004018671711461419,0.0072258320396865194,-0.002840506239364715,-0.011070218192383074
2026-03-23,-0.02174016781325805,-0.020634201032117327,-0.07732267732267728,-0.016541353383458524,-0.016006630097072927,-0.017039773828457894,-0.009970832611185032,0.0
2026-03-24,0.002020300565440225,0.0018432898704985323,-0.004114335210047559,0.006116207951070152,0.0025871608836383064,0.006387626594559492,0.008633356176066531,0.0
2026-03-25,0.02419337390128451,0.014193501976853096,0.04935855620787111,0.00911854103343468,0.003318842435977576,0.0072520330259822074,0.008557975873302315,0.007462501453432191
2026-03-26,-0.005248279950514245,-0.0005183283637464342,-0.014504765851636847,-0.006777108433735024,-0.001103872941971673,-0.003300431927433567,0.008486829235288207,-0.003703227801984732
2026-03-27,-0.010554594009152929,-0.0033708815878898957,-0.01156433978132898,-0.007581501137225222,-0.003679883927665273,-0.005417745672618213,0.009818463436724656,-0.003717764954466296
2026-03-30,-0.014666033503965337,-0.01509292377128657,0.014890448840672255,-0.01909854851031323,0.004063200307852455,0.0003021063352011133,-0.0013894124460736013,0.0
2026-03-31,-0.02097528899392942,-0.01902248718811439,0.011108782225948355,0.005451713395638436,0.011768286496905755,0.009683164370936748,-0.012517771475101136,-0.007462501453431858
2026-04-01,0.0428479650241127,0.02639560526778295,0.024461028192371392,0.018590240123935065,-0.0047238655480909,0.003296472866543665,0.012676452409478012,0.00751860908465396
2026-04-02,-0.019880336614942484,-0.00761119917812314,-0.0016187778227437777,-0.004562737642585524,-0.006940324404195564,-0.003583777719721515,0.00695383538443517,0.0
2026-04-07,0.018255086881044047,0.006612085422800673,-0.007296311309282655,0.012223071046600475,0.00441498615385183,0.0068941265743132085,0.001381737225753188,0.0
2026-04-08,0.05179264769936642,0.024953140291608333,0.0351163740302165,0.024150943396226365,0.003295749567924,0.006252603975197779,0.002758226989315604,0.0
2026-04-09,-0.0006313436058993371,0.001537449021427273,-0.01834319526627215,-0.0029476787030211504,-0.0018270288409554247,-0.004143516051938523,-0.00962795554347673,0.007462501453432191
2026-04-10,0.020214487367057554,0.00844568209116825,0.006630500301386233,0.007390983000739038,-0.004385424254309767,0.0,-0.0027788248921470915,0.003703997223925448
2026-04-13,-0.001857675401437331,0.0027907597810121754,-0.007185628742514938,-0.005869405722670695,-0.004776179881514686,-0.006832689297593508,0.002786568277440171,-0.007379889934081452
2026-04-14,0.031017631455765304,0.011384971837174795,0.00824286288701237,0.011070110701107083,0.0025823914830089834,0.005383708510199536,0.0013879681503916608,0.003716992672589514
2026-04-15,0.01263599096339596,0.007006872580772594,0.013958125623130702,0.010948905109489093,0.003312739948033938,0.003272936580347885,0.006934548706262422,0.003703997223925448
2026-04-16,0.010100297580974082,0.013662595343996609,-0.000983284169124965,0.006498194945848468,-0.0062363205708633185,-0.002667179351027116,0.005510292946481199,0.007379889934081563
2026-04-17,-0.009999301658620063,0.0044137069979570676,-0.0059055118110236116,0.002152080344332674,-0.006645044501432995,-0.00743544473445068,0.00684905163142191,0.007326587110137561
2026-04-20,0.0047524482580934,0.011955301810374186,-0.004950495049504955,0.0028632784538296097,0.0048329903795776286,0.0017972581793743725,-0.012245279094740602,-0.003636649326985486
2026-04-21,0.017150452292161056,0.01205770236179693,0.0009950248756218638,0.004282655246252709,0.002588118834326414,0.003889637685173142,-0.00826329087815203,0.0
2026-04-22,0.004069962646189307,0.015249277157681096,-0.005964214711729587,-0.001421464108031234,-0.0033200681348828365,-0.0017901480550531756,0.005554761192930524,-0.003649922816339357
2026-04-23,0.0,-0.02307004500387788,-0.012399999999999967,0.001423487544483848,-0.0022194914453163017,-0.0018148541667946105,-0.006905813494200941,-0.003662532588397771
2026-04-24,0.041690454607947736,0.007377741369458457,-0.006682867557715744,0.0,0.0,-0.001821230253341688,-0.005563936090665855,-0.0036767598076843377
2026-04-27,0.033907120327494766,-0.0012197815436510995,0.008970438328236519,0.002132196162047073,-0.0033385375613896873,-0.0036460243540865633,-0.013985485114243024,0.011070218192383185
2026-04-28,-0.010752129817444223,0.00513386238333835,-0.012931905435441537,0.007801418439716379,0.00037261365667085045,0.0,0.001418975328709493,0.0
2026-04-29,-0.013587610286559193,-0.0043776203845605766,-0.01207778915046065,-0.002111189303307448,0.004089622014024741,0.0036593664934421177,-0.008498842272092522,-0.003649922816339357
2026-04-30,-0.002753846682579275,-0.0007332298776108193,-0.009117281392457488,0.000705218617771397,-0.0062987118679995735,-0.005467495523372445,-0.010000802203385173,-0.003662532588397771
2026-05-04,0.045303809668859385,0.024938056922295893,0.00941028858218318,0.015503875968992276,0.0018665457856061884,0.0024419797390056175,0.004329140744341986,-0.0036767598076843377
2026-05-05,0.0,0.01669894819427764,-0.01263724880878403,-0.005551700208188626,-0.0070720551164037415,-0.004569103831184362,-0.007183635415561662,0.003690328258301623
2026-05-06,0.0121559664737807,0.02909465348062734,0.024129248845992546,0.009071877180739651,0.0048746491439688455,0.00550933387991881,-0.005787888775017347,0.0
2026-05-07,0.02036546885655177,0.01960885397871337,0.008809670149559468,0.009681881051175623,0.0,0.0003057697831505557,0.010188527878058684,-0.0036767598076843377
2026-05-08,-0.00716513694391141,0.002904985819808026,0.0032493907392363575,-0.006164383561643838,-0.0037306607728069263,-0.003958353917597024,0.05475474095562327,0.007379889934081563
2026-05-11,-0.0010309780911970101,0.020289748795768947,-0.009716599190283337,0.00344589937973816,-0.0003748455674512652,0.0018351467807433686,0.009563613943669447,-0.007325826143466663
2026-05-12,-0.0005149827802632956,-0.0039327811118697875,0.010834014717906904,0.003434065934065922,-0.002996062645641895,-0.0012222215346150422,-0.010825300780975211,0.0
2026-05-13,-0.013939747133672742,-0.009434451532309263,-0.003842264914054705,0.006160164271047375,-0.000752225974823495,0.0006103095849585571,0.028727219445855212,0.014760546450684586
2026-05-14,0.005759441396340659,0.0,-0.0008120178643929998,0.004761904761904745,-0.0007527922447035928,0.0009164540658361808,-0.005319774155051915,0.0
2026-05-15,-0.006767634763499397,-0.015504317124860667,-0.02377082486793991,0.0013540961408260443,-0.006395867285753809,-0.005184360306854763,0.012032464715892033,0.0036358938950524777
2026-05-18,-0.005241344399565473,0.0011260480108026272,-0.008949011446410027,-0.008789722785666032,-0.00946600439451617,-0.004290991405579647,-0.013209535152391871,-0.00724619681926042
2026-05-19,-0.018967198863515833,-0.011012234019211253,-0.0014699706005879554,0.0013642564802183177,0.0022963637002699766,-0.0003091585889875015,0.0013378010226312576,0.040146118222925686
2026-05-20,-0.006443915886527374,0.0006819163718312371,-0.014511041009463654,-0.0027247956403270157,-0.00534200939040308,-0.005235454900429648,-0.018715313692124758,-0.024561879228679917
2026-05-21,0.03621577409762389,0.03179018756257346,0.010883482714468595,0.010928961748633892,0.005370699718733496,0.005263009147461695,-0.004087316991621348,-0.010790727148543011
2026-05-22,0.0151274846410685,0.020026282516697913,-0.0004222081486171536,0.0033783783783782884,0.004239318903543676,0.005235454900429426,-0.02188896333630641,-0.003636649326985486
2026-05-25,0.03597193715328584,0.04314892465846065,0.006546990496304028,0.005387205387205496,0.007678488978904552,0.003983828515138121,-0.004194482016376622,-0.003649922816339357
2026-05-26,-0.006944777144317182,-0.0006185803686823421,-0.006504406210658731,-0.0026791694574682667,0.0011435744208969645,0.00305184735810915,-0.005618633943150542,-0.003662532588397771
2026-05-27,0.02447570018875389,0.02731733671387948,-0.005913410770855387,-0.001343183344526655,0.0018999342330456859,0.0006078952321881825,-0.008474837663529855,0.0073527558513868385
2026-05-28,-0.019990228569073953,-0.016317310718367506,-0.028468238793286638,-0.00336247478143914,-0.0053166374283597495,-0.0024331875682309656,0.008547274426762286,-0.003649922816339357
2026-05-29,0.048755558492054485,0.0280549691330092,0.029958451782200024,0.00809716599190291,0.010308044983366571,0.007620325401805905,0.014123750255199852,0.0036632935550688916
2026-06-01,0.0009488127908363619,0.033865512497133654,0.002547770700636942,0.0033467202141901353,-0.0049123530782423375,-0.00302507808137642,0.02646226039350874,0.025547185146770124
2026-06-02,0.001895826796958655,0.01734152122984778,-0.00042354934349841944,0.0006671114076051143,0.009116977539606053,0.008191878285060072,0.006785414955850166,0.010676261822364808
2026-06-03,0.017975322837179064,0.018937963521694412,-0.010593220338983023,0.002666666666666595,-0.0033894049711273855,-0.003610912709313796,-0.012129748365532156,-0.007042078375033123
2026-06-04,-0.013940263227775529,-0.02137512202483871,0.0012847965738755907,-0.009973404255319118,0.00037788134525773565,-0.0006034892091840716,0.004092895244580674,0.0035456421310391395
2026-06-05,-0.018378828408953995,-0.016143830401936454,-0.007057313943541477,0.00335795836131636,0.002266431629312615,0.0027188739509191873,0.0027170035251813385,-0.0035331149697487296
2026-06-08,-0.030724468001866234,-0.04536706349206343,-0.030152918371742388,-0.01807228915662662,-0.0037688442211055717,-0.003616354604508931,-0.012195499994363646,-0.017730420696000837
2026-06-09,0.02525924486368769,0.03640142579525496,0.0051077059737951735,0.0047716428084527696,-0.003400970614085397,-0.0036294800915499525,0.01646142193020861,0.02527049820267835
2026-06-10,-0.03140054824348226,-0.031805939648931414,-0.03468846663720726,-0.00746268656716409,0.005690184049079949,0.003947542639310964,0.004048707992023282,0.01408488824257459
2026-06-11,-0.0039902171436828615,-0.0006048190824563537,-0.02449073014419778,-0.005468215994531844,0.0018872672370406907,0.00272051674482654,0.01612952821828806,0.006944269120544133
2026-06-12,0.021031556907525895,0.020366966012223875,0.026044110746128668,0.010996563573883122,0.007531043195993625,0.0075398864581806,0.011903746640293589,0.0
2026-06-15,0.03236839975763184,0.017787067053403938,0.03430139492339346,0.01291638341264445,0.001865854856132776,0.0029933848017413833,-0.0026140077101673986,0.00344783122604686
2026-06-16,0.006176073046091579,0.0009718987548918978,-0.0013265531726729396,0.005369127516778649,-0.00522144979114203,-0.00507296165918536,-0.009173686742653064,0.006873396855856306
2026-06-17,0.0009443328155653852,0.007757671940793687,0.00022138587558107048,-0.0033377837116155273,0.005248856431459892,0.001499834196828198,0.005290248391329966,-0.006826475778702434
2026-06-18,0.012263795464834804,0.01636334499929748,-0.0019920318725098474,-0.0053583389149364224,0.008580519656779195,0.005388886863752829,-0.019736085949942916,-0.01030866749050352
2026-06-22,0.03588152009826451,0.02367391431296606,-0.030605455755156386,0.0006734006734006037,-0.0025903830627075353,-0.0029791219748014353,-0.0026855755004047133,0.003471773893962693
2026-06-23,-0.00944714684760195,-0.008324903212066248,-0.01441317776252582,-0.008075370121130465,-0.0040774261247586985,-0.0029849932117919087,0.010767030186313198,-0.0034597623812481215
2026-06-24,-0.026793293863612955,-0.008396706512193375,-0.014623955431754765,0.0006784260515604323,0.004466654374273293,0.00599089966838795,0.0,-0.003472495226581218
2026-06-25,0.0004666579031380458,0.0009417270151894641,-0.01861012956419328,0.005423728813559459,0.014456757101006135,0.00804302504758736,0.0066589216950132535,0.003484595467709406
2026-06-26,-0.03824622225642571,-0.03289466058243273,0.005760921747479664,-0.010788941335131641,0.002555457489669122,0.0008872050642625418,-0.013228372017529577,-0.006944990453162658
2026-06-29,0.013093733685283881,0.006801905732178648,0.009307875894988049,0.011588275391956504,0.00036466103099619396,0.0002964710955655203,0.01474530270525709,-0.006992834287914307
2026-06-30,0.03207238030289461,0.027992063492063624,-0.01678883896902339,0.006064690026954311,-0.00036452810180287454,0.002655473958691923,-0.01585116744212256,-0.003521404933770511
2026-07-01,0.014379176466196242,-0.009389934145004553,-0.0028860028860028253,0.004018754186202234,-0.01421072987457872,-0.011480559188328798,0.0,0.0
2026-07-02,-0.005029961716351394,-0.0028427080349853195,0.020501688374336746,0.0006671114076051143,-0.0033292605006221,-0.00029903131975517194,0.0053683593422853,-0.0035331149697487296
2026-07-03,-0.004136228292430322,0.004752004752004657,0.030489246041125018,0.002666666666666595,0.003711535000899824,0.003278242741033832,0.018691705564333194,0.0
2026-07-06,-0.0009229794966697513,0.007568803771177857,-0.005733944954128489,0.005984042553191626,0.00369407528592669,0.003264519432021773,0.01965984716427993,0.0035456421310391395
2026-07-07,-0.018937630175295705,-0.02065785511900997,-0.008073817762399127,0.0033046926635822427,-0.004785739538172518,-0.0026625522679720737,0.002570326430120007,-0.0035331149697487296
2026-07-08,-0.0014124976197851247,0.003835200677959394,0.00023255813953482196,-0.0026350461133070047,-0.009621245265098333,-0.011572541324055274,0.007692543565527288,-0.010638399753654104
2026-07-09,-0.00235749265240226,0.005730822163890981,-0.013717740060451011,0.0006605019815058011,0.001121364061980712,0.0005998654109078405,-0.002545488703401544,-0.005956813104988967
2026-07-13,0.0018904508459007818,-0.004747496437425447,-0.002593116454502553,0.003960396039603964,-0.0014897059433610638,-0.006898881328285755,0.0012759923758791647,0.0
2026-07-14,-0.015094121142115169,-0.01240394007508272,-0.00945402978019394,0.0019723865877712132,-0.0011217791341526784,-0.0024177460723117106,0.0,-0.0037453183520599342
2026-07-15,0.01819914694811331,0.024154243973355305,0.0014316392269149159,0.0045931758530182165,0.0007486926238651215,0.002119503114748067,0.0012743662942036327,0.0
2026-07-16,0.0009407791809543653,-0.00660492247069866,0.0,0.003919007184846501,0.002614685312043008,0.005137353711094361,0.005088331368650056,0.022556390977443552
2026-07-17,-0.05874059750464511,-0.03608643879204321,-0.013819394805813623,-0.010409889394925154,0.004846410980173355,0.0021042102502484283,0.012659060962783464,0.014705882352941124
2026-07-20,-0.009486228744388314,-0.015763977771657167,0.009905774341628426,0.0006574621959236637,0.0014851652246312685,0.0009007802704776857,0.0037501137382849326,0.007246376811594235
2026-07-21,0.03955375253549698,0.019547325102880597,0.011004784688995128,0.0006570302233903647,-0.005928106264019739,-0.005776831863788301,-0.008718005167088538,0.0
2026-07-22,0.013170731707317085,0.028254288597376442,0.017274017983909262,0.003939592908732692,-0.00037295159163686087,-0.0006116207951071262,-0.03517609603599392,-0.003597122302158251
2026-07-23,0.000481463649494529,-0.0058881256133465065,-0.002093510118632347,-0.004578155657292471,-0.0044733202437526876,-0.003059975520195879,0.0026037964245528844,-0.0036101083032491488
2026-07-24,-0.02117420596727626,-0.008884501480750151,-0.022144522144522005,-0.007884362680683266,-0.0018738359503943647,-0.003990178023327018,0.005195419063825035,0.007246376811594235
2026-07-27,-0.002458210422812246,-0.003984063745020028,0.015256257449344446,0.009271523178808083,0.009007505622579792,0.0046224961479197635,-0.0038760887644480047,0.010791366906474753
2026-07-28,-0.04238541153277475,-0.03620000000000001,-0.013148626438131084,-0.013779527559055094,0.0007442377952520118,-0.0009202453987730008,0.0038911712897646833,0.003558718861210064
2026-07-29,-0.03551209469891925,-0.030296742062668636,-0.003093028788960339,0.005322687957418415,0.004458349922251248,0.001535155050659931,0.010335788861316697,-0.0035460992907800915
2026-07-30,-0.002134471718249764,-0.009415792852557225,0.0031026252983294977,-0.00992720052945073,-0.01923875121994989,-0.014101778050275904,0.005319148936170137,0.0
2026-07-31,0.09999999999999987,0.0689133722186217,0.009754936949797788,0.018716577540107027,0.006412895944853725,0.007151741293532465,-0.023809523809523725,-0.007117437722419906
2026-08-03,-0.008264462809917328,0.006871463217461571,-0.004241281809613584,0.007874015748031482,-0.009743679110188475,-0.003704847175053927,-0.010840108401083959,-0.0035842293906810374
2026-08-04,-0.013235294117647012,0.015656362906463217,-0.0014197823000472454,0.01171875,0.0011323901849316087,0.0024790827393863513,0.012328767123287676,-0.017985611510791366
2026-08-05,0.03129657228017879,0.01679841897233203,0.019668246445497584,0.01608751608751602,0.008319003400970582,0.008037094281298174,-0.009472259810554884,0.00366300366300365
2026-08-06,-0.004816955684007751,-0.00291545189504383,0.0288171043458052,-0.0063331222292589695,-0.00037518901567845653,-0.00030665440049060244,-0.002732240437158473,0.0
2026-08-07,-0.004356243949661165,-0.004873294346978585,0.0018070928393945085,-0.002549394518801873,-0.009375663461830053,-0.007361963190184118,0.03698630136986303,0.0036496350364962904
2026-08-10,0.01361205639280505,0.027424094025465307,0.015332581736189344,0.00575079872204487,0.0030272297594673425,0.002163164400494466,-0.0026420079260238705,-0.0072727272727273196
2026-08-11,0.003357314148680901,-0.0028598665395616063,0.013546524539196136,0.0006353240152476847,-0.006417740741588629,-0.007400555041628176,0.005298013245033095,-0.00366300366300365
2026-08-12,0.005736137667304186,0.007648183556405508,0.0004382120946537782,-0.005079365079365128,0.0026612494431728084,0.0003106554830694108,0.005270092226613787,0.0
2026-08-13,0.014258555133079831,0.005692599620493288,0.00021901007446345488,0.0012763241863433805,-0.0015166777098166717,0.0,0.0,0.0
2026-08-14,-0.002811621368322359,0.007547169811320753,-0.018830742281585322,0.0019120458891013214,-0.0034138725973432704,-0.0021739130434782483,-0.006553079947575369,-0.007352941176470562
2026-08-17,0.00046992481203012026,-0.0074906367041198685,0.01629100647176962,-0.0050890585241729624,-0.007236029267429056,-0.007780890133831431,-0.00791556728232179,0.007407407407407307
2026-08-18,-0.014560826679192118,-0.005660377358490565,-0.0010979358805445205,-0.012148337595907943,-0.01035548266784525,-0.010664993726474226,0.013297872340425565,0.007352941176470562
2026-08-19,-0.017159199237369083,-0.013282732447817858,-0.01143108375467139,-0.001941747572815622,0.006973282143696746,0.006024096385542244,0.017060367454068137,-0.007299270072992692
2026-08-20,0.00678952473326877,0.0009615384615384581,0.034245052257060316,0.005836575875486361,0.014628073451602663,0.011660888748818099,0.00903225806451613,0.003676470588235281
2026-08-21,0.008188824662813232,0.00672430355427478,0.009675338636852437,-0.010315925209542165,-0.009202453987730008,-0.008099688473520272,-0.008951406649616356,0.0
2026-08-24,-0.008122312470138615,-0.001908396946564861,0.023637137989778623,0.0,-0.0003869969040248833,-0.0009422110552763652,-0.001290322580645098,0.0
2026-08-25,0.005780346820809301,0.004780114722753304,0.0,0.002605863192182367,0.0023228803716608404,0.002514932411191495,0.006459948320413522,0.0
2026-08-26,0.014367816091954033,0.013320647002854402,0.0006240898689411356,0.0,0.008497489378138212,0.007525870178739513,-0.0025673940949936247,-0.00366300366300365
2026-08-27,0.0014164305949007083,0.00657276995305156,-0.006237006237006293,0.0,-0.002680965147453085,-0.00031123560535339934,-0.007722007722007818,-0.003676470588235281
2026-08-28,0.008486562942008558,0.004664179104477695,-0.00878661087866095,-0.001299545159194393,-0.007296466973886195,-0.005915317559153088,-0.018158236057068677,0.0
2026-08-31,-0.00654511453950446,0.013927576601671321,-0.03144786829886037,-0.0013012361743656164,0.0003868471953578645,0.0009395552771689353,0.006605019815059343,0.0036900369003689537
2026-09-01,0.02070588235294113,0.0045787545787545625,-0.0019612115929397156,-0.002605863192182478,-0.01044083526682138,-0.007196495619524401,0.0,0.0
2026-09-02,-0.015214384508990375,0.004557885141294404,-0.026419213973798983,-0.003919007184846501,0.0023446658851113966,-0.0006303183107468913,0.005249343832020914,0.011029411764705843
2026-09-03,-0.00561797752808979,-0.010889292196007316,0.02623906705539336,0.003278688524590123,0.004678362573099504,0.002522863450015622,-0.01305483028720622,0.0036363636363636598
2026-09-04,0.016007532956685555,0.016513761467889854,0.009833916083916039,0.013725490196078383,0.0003880481179667772,0.0009436929852155718,0.0,-0.0036231884057971175
2026-09-07,0.01853568118628357,0.008122743682310585,-0.013849816057130537,-0.009026434558349505,-0.006206361520558534,-0.005342551854179867,-0.005291005291005124,0.0036363636363636598
2026-09-08,-0.0022747952684258888,-0.0017905102954342,0.0026333113890717463,-0.004554326610279658,-0.0007806401249024209,-0.002211690363349117,0.019946808510638236,0.007246376811594235
2026-09-09,0.0,0.0,-0.008535784635587684,-0.005228758169934733,-0.0007812500000000666,-0.001266624445851794,-0.009126466753585416,0.003597122302158251
2026-09-10,-0.004559963520291865,-0.0008968609865470656,0.005739514348785946,-0.0013140604467805073,-0.005863956215793498,-0.00221940393151554,-0.0052631578947369695,0.0
2026-09-11,-0.013284470911589574,-0.007181328545781018,-0.017559262510974616,-0.0019736842105263497,-0.006685017695635009,-0.004448681283762301,-0.007936507936507908,0.007168458781362075
2026-09-14,-0.00742804085422466,0.001808318264014508,-0.002680965147452974,0.0039551746868822235,0.0007917656373712667,0.0012767315671879942,-0.005333333333333412,0.014234875444839812
2026-09-15,-0.006080449017773715,-0.0072202166064981865,-0.005376344086021501,0.0006565988181221893,0.0015822784810126667,0.002868983104877376,-0.0013404825737264314,0.007017543859649145
2026-09-16,0.006117647058823561,0.010000000000000009,0.00653153153153152,-0.001312335958005395,0.0031595576619272148,0.0034965034965035446,0.0,0.0
2026-09-17,0.010757717492984042,0.013501350135013412,-0.008950548221078547,0.0026281208935612366,0.0047244094488190225,0.006968641114982521,0.01342281879194629,0.010452961672473782
2026-09-18,0.016658954187875885,0.009769094138543544,0.017611198916233972,0.003931847968545288,0.006661442006269613,0.006291286568103072,-0.0066225165562914245,0.0034482758620688614
2026-09-21,0.013654984069185305,0.005277044854881119,-0.002662524961171475,0.0026109660574413773,-0.001946282600233551,-0.0015629884338854705,-0.0040000000000000036,-0.0068728522336769515
2026-09-22,0.004490345756623215,-0.005249343832020914,-0.005784204671857696,0.01041666666666674,-0.002340093603744209,-0.002191609267376382,-0.0013386880856761652,0.0034602076124568004
2026-09-23,0.005364327223960741,-0.004397537379067673,0.001790109644215887,0.0,0.00390930414386248,0.003137747097583965,0.010723860589812562,0.0034482758620688614
2026-09-24,-0.00044464206313910015,0.0008833922261484162,-0.01139155684610238,-0.005798969072164817,-0.015576323987538832,-0.013762902721301096,-0.011936339522546469,-0.0034364261168384758
2026-09-29,-0.009786476868327454,-0.001765225066195919,-0.03660189787618606,-0.003240440699935232,-0.022151898734177333,-0.019980970504281714,-0.008053691275167751,-0.006896551724137945
2026-09-30,0.006738544474393482,0.007073386383731339,0.009380863039399667,0.0032509752925877766,0.0020226537216829765,-0.0016181229773462036,0.004059539918809252,-0.00347222222222221
2026-10-01,0.007585899152164233,-0.0017559262510974394,0.0013940520446096283,0.004536616979909258,-0.005248284214775856,-0.002917341977309529,-0.0040431266846361336,0.013937282229965264
2026-10-02,-0.0008857395925598865,0.0035180299032540052,-0.00046403712296994026,-0.003225806451612856,-0.0012175324675325339,-0.002275682704811488,-0.016238159675236896,0.0034364261168384758
2026-10-05,0.027925531914893664,0.014022787028922012,-0.01067780872794799,0.0,-0.004469727752945962,-0.0026067122841316737,0.0,-0.003424657534246589
